date,total_flights,airport,station_code
2018-01-01,83.0,Larnaka,5
2018-01-02,163.0,Larnaka,5
2018-01-03,155.0,Larnaka,5
2018-01-04,142.0,Larnaka,5
2018-01-05,148.0,Larnaka,5
2018-01-06,124.0,Larnaka,5
2018-01-07,153.0,Larnaka,5
2018-01-08,166.0,Larnaka,5
2018-01-09,166.0,Larnaka,5
2018-01-10,165.0,Larnaka,5
2018-01-11,143.0,Larnaka,5
2018-01-12,154.0,Larnaka,5
2018-01-13,146.0,Larnaka,5
2018-01-14,124.0,Larnaka,5
2018-01-15,187.0,Larnaka,5
2018-01-16,169.0,Larnaka,5
2018-01-17,134.0,Larnaka,5
2018-01-18,100.0,Larnaka,5
2018-01-19,127.0,Larnaka,5
2018-01-20,171.0,Larnaka,5
2018-01-21,127.0,Larnaka,5
2018-01-22,110.0,Larnaka,5
2018-01-23,127.0,Larnaka,5
2018-01-24,115.0,Larnaka,5
2018-01-25,112.0,Larnaka,5
2018-01-26,154.0,Larnaka,5
2018-01-27,129.0,Larnaka,5
2018-01-28,114.0,Larnaka,5
2018-01-29,171.0,Larnaka,5
2018-01-30,135.0,Larnaka,5
2018-01-31,155.0,Larnaka,5
2018-02-01,146.0,Larnaka,5
2018-02-02,163.0,Larnaka,5
2018-02-03,147.0,Larnaka,5
2018-02-04,124.0,Larnaka,5
2018-02-05,151.0,Larnaka,5
2018-02-06,154.0,Larnaka,5
2018-02-07,153.0,Larnaka,5
2018-02-08,159.0,Larnaka,5
2018-02-09,173.0,Larnaka,5
2018-02-10,151.0,Larnaka,5
2018-02-11,149.0,Larnaka,5
2018-02-12,170.0,Larnaka,5
2018-02-13,144.0,Larnaka,5
2018-02-14,150.0,Larnaka,5
2018-02-15,173.0,Larnaka,5
2018-02-16,147.0,Larnaka,5
2018-02-17,110.0,Larnaka,5
2018-02-18,134.0,Larnaka,5
2018-02-19,123.0,Larnaka,5
2018-02-20,150.0,Larnaka,5
2018-02-21,177.0,Larnaka,5
2018-02-22,152.0,Larnaka,5
2018-02-23,144.0,Larnaka,5
2018-02-24,146.0,Larnaka,5
2018-02-25,129.0,Larnaka,5
2018-02-26,143.0,Larnaka,5
2018-02-27,122.0,Larnaka,5
2018-02-28,123.0,Larnaka,5
2018-03-01,161.0,Larnaka,5
2018-03-02,191.0,Larnaka,5
2018-03-03,168.0,Larnaka,5
2018-03-04,128.0,Larnaka,5
2018-03-05,136.0,Larnaka,5
2018-03-06,169.0,Larnaka,5
2018-03-07,149.0,Larnaka,5
2018-03-08,148.0,Larnaka,5
2018-03-09,172.0,Larnaka,5
2018-03-10,149.0,Larnaka,5
2018-03-11,136.0,Larnaka,5
2018-03-12,171.0,Larnaka,5
2018-03-13,152.0,Larnaka,5
2018-03-14,149.0,Larnaka,5
2018-03-15,162.0,Larnaka,5
2018-03-16,153.0,Larnaka,5
2018-03-17,151.0,Larnaka,5
2018-03-18,128.0,Larnaka,5
2018-03-19,153.0,Larnaka,5
2018-03-20,158.0,Larnaka,5
2018-03-21,191.0,Larnaka,5
2018-03-22,161.0,Larnaka,5
2018-03-23,203.0,Larnaka,5
2018-03-24,170.0,Larnaka,5
2018-03-25,162.0,Larnaka,5
2018-03-26,151.0,Larnaka,5
2018-03-27,213.0,Larnaka,5
2018-03-28,168.0,Larnaka,5
2018-03-29,192.0,Larnaka,5
2018-03-30,240.0,Larnaka,5
2018-03-31,232.0,Larnaka,5
2018-04-01,200.0,Larnaka,5
2018-04-02,216.0,Larnaka,5
2018-04-03,223.0,Larnaka,5
2018-04-04,197.0,Larnaka,5
2018-04-05,186.0,Larnaka,5
2018-04-06,195.0,Larnaka,5
2018-04-07,195.0,Larnaka,5
2018-04-08,169.0,Larnaka,5
2018-04-09,160.0,Larnaka,5
2018-04-10,198.0,Larnaka,5
2018-04-11,208.0,Larnaka,5
2018-04-12,205.0,Larnaka,5
2018-04-13,229.0,Larnaka,5
2018-04-14,230.0,Larnaka,5
2018-04-15,189.0,Larnaka,5
2018-04-16,192.0,Larnaka,5
2018-04-17,237.0,Larnaka,5
2018-04-18,218.0,Larnaka,5
2018-04-19,188.0,Larnaka,5
2018-04-20,185.0,Larnaka,5
2018-04-21,219.0,Larnaka,5
2018-04-22,180.0,Larnaka,5
2018-04-23,192.0,Larnaka,5
2018-04-24,197.0,Larnaka,5
2018-04-25,228.0,Larnaka,5
2018-04-26,200.0,Larnaka,5
2018-04-27,233.0,Larnaka,5
2018-04-28,227.0,Larnaka,5
2018-04-29,211.0,Larnaka,5
2018-04-30,216.0,Larnaka,5
2018-05-01,214.0,Larnaka,5
2018-05-02,243.0,Larnaka,5
2018-05-03,237.0,Larnaka,5
2018-05-04,264.0,Larnaka,5
2018-05-05,259.0,Larnaka,5
2018-05-06,241.0,Larnaka,5
2018-05-07,210.0,Larnaka,5
2018-05-08,224.0,Larnaka,5
2018-05-09,275.0,Larnaka,5
2018-05-10,236.0,Larnaka,5
2018-05-11,222.0,Larnaka,5
2018-05-12,227.0,Larnaka,5
2018-05-13,222.0,Larnaka,5
2018-05-14,223.0,Larnaka,5
2018-05-15,207.0,Larnaka,5
2018-05-16,258.0,Larnaka,5
2018-05-17,271.0,Larnaka,5
2018-05-18,270.0,Larnaka,5
2018-05-19,244.0,Larnaka,5
2018-05-20,234.0,Larnaka,5
2018-05-21,237.0,Larnaka,5
2018-05-22,243.0,Larnaka,5
2018-05-23,271.0,Larnaka,5
2018-05-24,246.0,Larnaka,5
2018-05-25,285.0,Larnaka,5
2018-05-26,264.0,Larnaka,5
2018-05-27,246.0,Larnaka,5
2018-05-28,236.0,Larnaka,5
2018-05-29,229.0,Larnaka,5
2018-05-30,279.0,Larnaka,5
2018-05-31,227.0,Larnaka,5
2018-06-01,256.0,Larnaka,5
2018-06-02,259.0,Larnaka,5
2018-06-03,241.0,Larnaka,5
2018-06-04,244.0,Larnaka,5
2018-06-05,240.0,Larnaka,5
2018-06-06,264.0,Larnaka,5
2018-06-07,223.0,Larnaka,5
2018-06-08,283.0,Larnaka,5
2018-06-09,274.0,Larnaka,5
2018-06-10,259.0,Larnaka,5
2018-06-11,264.0,Larnaka,5
2018-06-12,259.0,Larnaka,5
2018-06-13,268.0,Larnaka,5
2018-06-14,246.0,Larnaka,5
2018-06-15,286.0,Larnaka,5
2018-06-16,260.0,Larnaka,5
2018-06-17,274.0,Larnaka,5
2018-06-18,262.0,Larnaka,5
2018-06-19,251.0,Larnaka,5
2018-06-20,271.0,Larnaka,5
2018-06-21,265.0,Larnaka,5
2018-06-22,299.0,Larnaka,5
2018-06-23,307.0,Larnaka,5
2018-06-24,287.0,Larnaka,5
2018-06-25,291.0,Larnaka,5
2018-06-26,244.0,Larnaka,5
2018-06-27,298.0,Larnaka,5
2018-06-28,267.0,Larnaka,5
2018-06-29,286.0,Larnaka,5
2018-06-30,285.0,Larnaka,5
2018-07-01,279.0,Larnaka,5
2018-07-02,295.0,Larnaka,5
2018-07-03,269.0,Larnaka,5
2018-07-04,290.0,Larnaka,5
2018-07-05,269.0,Larnaka,5
2018-07-06,284.0,Larnaka,5
2018-07-07,270.0,Larnaka,5
2018-07-08,278.0,Larnaka,5
2018-07-09,277.0,Larnaka,5
2018-07-10,283.0,Larnaka,5
2018-07-11,296.0,Larnaka,5
2018-07-12,277.0,Larnaka,5
2018-07-13,284.0,Larnaka,5
2018-07-14,263.0,Larnaka,5
2018-07-15,273.0,Larnaka,5
2018-07-16,273.0,Larnaka,5
2018-07-17,254.0,Larnaka,5
2018-07-18,294.0,Larnaka,5
2018-07-19,285.0,Larnaka,5
2018-07-20,285.0,Larnaka,5
2018-07-21,299.0,Larnaka,5
2018-07-22,266.0,Larnaka,5
2018-07-23,303.0,Larnaka,5
2018-07-24,288.0,Larnaka,5
2018-07-25,274.0,Larnaka,5
2018-07-26,258.0,Larnaka,5
2018-07-27,277.0,Larnaka,5
2018-07-28,310.0,Larnaka,5
2018-07-29,264.0,Larnaka,5
2018-07-30,290.0,Larnaka,5
2018-07-31,279.0,Larnaka,5
2018-08-01,282.0,Larnaka,5
2018-08-02,289.0,Larnaka,5
2018-08-03,286.0,Larnaka,5
2018-08-04,266.0,Larnaka,5
2018-08-05,274.0,Larnaka,5
2018-08-06,277.0,Larnaka,5
2018-08-07,261.0,Larnaka,5
2018-08-08,282.0,Larnaka,5
2018-08-09,241.0,Larnaka,5
2018-08-10,317.0,Larnaka,5
2018-08-11,261.0,Larnaka,5
2018-08-12,264.0,Larnaka,5
2018-08-13,293.0,Larnaka,5
2018-08-14,266.0,Larnaka,5
2018-08-15,259.0,Larnaka,5
2018-08-16,261.0,Larnaka,5
2018-08-17,297.0,Larnaka,5
2018-08-18,266.0,Larnaka,5
2018-08-19,275.0,Larnaka,5
2018-08-20,298.0,Larnaka,5
2018-08-21,271.0,Larnaka,5
2018-08-22,275.0,Larnaka,5
2018-08-23,268.0,Larnaka,5
2018-08-24,312.0,Larnaka,5
2018-08-25,274.0,Larnaka,5
2018-08-26,279.0,Larnaka,5
2018-08-27,292.0,Larnaka,5
2018-08-28,270.0,Larnaka,5
2018-08-29,307.0,Larnaka,5
2018-08-30,293.0,Larnaka,5
2018-08-31,288.0,Larnaka,5
2018-09-01,268.0,Larnaka,5
2018-09-02,295.0,Larnaka,5
2018-09-03,249.0,Larnaka,5
2018-09-04,267.0,Larnaka,5
2018-09-05,275.0,Larnaka,5
2018-09-06,251.0,Larnaka,5
2018-09-07,311.0,Larnaka,5
2018-09-08,280.0,Larnaka,5
2018-09-09,283.0,Larnaka,5
2018-09-10,265.0,Larnaka,5
2018-09-11,252.0,Larnaka,5
2018-09-12,265.0,Larnaka,5
2018-09-13,262.0,Larnaka,5
2018-09-14,281.0,Larnaka,5
2018-09-15,274.0,Larnaka,5
2018-09-16,251.0,Larnaka,5
2018-09-17,272.0,Larnaka,5
2018-09-18,245.0,Larnaka,5
2018-09-19,242.0,Larnaka,5
2018-09-20,260.0,Larnaka,5
2018-09-21,272.0,Larnaka,5
2018-09-22,283.0,Larnaka,5
2018-09-23,252.0,Larnaka,5
2018-09-24,255.0,Larnaka,5
2018-09-25,229.0,Larnaka,5
2018-09-26,279.0,Larnaka,5
2018-09-27,242.0,Larnaka,5
2018-09-28,248.0,Larnaka,5
2018-09-29,263.0,Larnaka,5
2018-09-30,259.0,Larnaka,5
2018-10-01,249.0,Larnaka,5
2018-10-02,238.0,Larnaka,5
2018-10-03,241.0,Larnaka,5
2018-10-04,250.0,Larnaka,5
2018-10-05,288.0,Larnaka,5
2018-10-06,264.0,Larnaka,5
2018-10-07,264.0,Larnaka,5
2018-10-08,284.0,Larnaka,5
2018-10-09,246.0,Larnaka,5
2018-10-10,279.0,Larnaka,5
2018-10-11,263.0,Larnaka,5
2018-10-12,264.0,Larnaka,5
2018-10-13,244.0,Larnaka,5
2018-10-14,274.0,Larnaka,5
2018-10-15,244.0,Larnaka,5
2018-10-16,225.0,Larnaka,5
2018-10-17,249.0,Larnaka,5
2018-10-18,205.0,Larnaka,5
2018-10-19,238.0,Larnaka,5
2018-10-20,245.0,Larnaka,5
2018-10-21,223.0,Larnaka,5
2018-10-22,233.0,Larnaka,5
2018-10-23,222.0,Larnaka,5
2018-10-24,231.0,Larnaka,5
2018-10-25,176.0,Larnaka,5
2018-10-26,211.0,Larnaka,5
2018-10-27,250.0,Larnaka,5
2018-10-28,211.0,Larnaka,5
2018-10-29,176.0,Larnaka,5
2018-10-30,186.0,Larnaka,5
2018-10-31,235.0,Larnaka,5
2018-11-01,160.0,Larnaka,5
2018-11-02,191.0,Larnaka,5
2018-11-03,177.0,Larnaka,5
2018-11-04,168.0,Larnaka,5
2018-11-05,188.0,Larnaka,5
2018-11-06,206.0,Larnaka,5
2018-11-07,173.0,Larnaka,5
2018-11-08,161.0,Larnaka,5
2018-11-09,168.0,Larnaka,5
2018-11-10,169.0,Larnaka,5
2018-11-11,145.0,Larnaka,5
2018-11-12,162.0,Larnaka,5
2018-11-13,173.0,Larnaka,5
2018-11-14,159.0,Larnaka,5
2018-11-15,178.0,Larnaka,5
2018-11-16,145.0,Larnaka,5
2018-11-17,185.0,Larnaka,5
2018-11-18,128.0,Larnaka,5
2018-11-19,156.0,Larnaka,5
2018-11-20,166.0,Larnaka,5
2018-11-21,151.0,Larnaka,5
2018-11-22,193.0,Larnaka,5
2018-11-23,185.0,Larnaka,5
2018-11-24,151.0,Larnaka,5
2018-11-25,133.0,Larnaka,5
2018-11-26,154.0,Larnaka,5
2018-11-27,159.0,Larnaka,5
2018-11-28,172.0,Larnaka,5
2018-11-29,173.0,Larnaka,5
2018-11-30,143.0,Larnaka,5
2018-12-01,151.0,Larnaka,5
2018-12-02,141.0,Larnaka,5
2018-12-03,121.0,Larnaka,5
2018-12-04,129.0,Larnaka,5
2018-12-05,112.0,Larnaka,5
2018-12-06,152.0,Larnaka,5
2018-12-07,145.0,Larnaka,5
2018-12-08,184.0,Larnaka,5
2018-12-09,131.0,Larnaka,5
2018-12-10,140.0,Larnaka,5
2018-12-11,131.0,Larnaka,5
2018-12-12,145.0,Larnaka,5
2018-12-13,150.0,Larnaka,5
2018-12-14,145.0,Larnaka,5
2018-12-15,163.0,Larnaka,5
2018-12-16,117.0,Larnaka,5
2018-12-17,111.0,Larnaka,5
2018-12-18,141.0,Larnaka,5
2018-12-19,130.0,Larnaka,5
2018-12-20,171.0,Larnaka,5
2018-12-21,146.0,Larnaka,5
2018-12-22,172.0,Larnaka,5
2018-12-23,125.0,Larnaka,5
2018-12-24,133.0,Larnaka,5
2018-12-25,59.0,Larnaka,5
2018-12-26,108.0,Larnaka,5
2018-12-27,129.0,Larnaka,5
2018-12-28,156.0,Larnaka,5
2018-12-29,90.0,Larnaka,5
2018-12-30,121.0,Larnaka,5
2018-12-31,98.0,Larnaka,5
2019-01-01,71.0,Larnaka,5
2019-01-02,113.0,Larnaka,5
2019-01-03,152.0,Larnaka,5
2019-01-04,113.0,Larnaka,5
2019-01-05,149.0,Larnaka,5
2019-01-06,123.0,Larnaka,5
2019-01-07,140.0,Larnaka,5
2019-01-08,111.0,Larnaka,5
2019-01-09,148.0,Larnaka,5
2019-01-10,146.0,Larnaka,5
2019-01-11,146.0,Larnaka,5
2019-01-12,159.0,Larnaka,5
2019-01-13,120.0,Larnaka,5
2019-01-14,131.0,Larnaka,5
2019-01-15,105.0,Larnaka,5
2019-01-16,111.0,Larnaka,5
2019-01-17,147.0,Larnaka,5
2019-01-18,148.0,Larnaka,5
2019-01-19,164.0,Larnaka,5
2019-01-20,126.0,Larnaka,5
2019-01-21,132.0,Larnaka,5
2019-01-22,124.0,Larnaka,5
2019-01-23,157.0,Larnaka,5
2019-01-24,120.0,Larnaka,5
2019-01-25,162.0,Larnaka,5
2019-01-26,139.0,Larnaka,5
2019-01-27,108.0,Larnaka,5
2019-01-28,140.0,Larnaka,5
2019-01-29,151.0,Larnaka,5
2019-01-30,123.0,Larnaka,5
2019-01-31,134.0,Larnaka,5
2019-02-01,122.0,Larnaka,5
2019-02-02,162.0,Larnaka,5
2019-02-03,129.0,Larnaka,5
2019-02-04,125.0,Larnaka,5
2019-02-05,120.0,Larnaka,5
2019-02-06,100.0,Larnaka,5
2019-02-07,122.0,Larnaka,5
2019-02-08,121.0,Larnaka,5
2019-02-09,160.0,Larnaka,5
2019-02-10,125.0,Larnaka,5
2019-02-11,121.0,Larnaka,5
2019-02-12,134.0,Larnaka,5
2019-02-13,129.0,Larnaka,5
2019-02-14,94.0,Larnaka,5
2019-02-15,111.0,Larnaka,5
2019-02-16,127.0,Larnaka,5
2019-02-17,136.0,Larnaka,5
2019-02-18,141.0,Larnaka,5
2019-02-19,141.0,Larnaka,5
2019-02-20,160.0,Larnaka,5
2019-02-21,114.0,Larnaka,5
2019-02-22,150.0,Larnaka,5
2019-02-23,168.0,Larnaka,5
2019-02-24,127.0,Larnaka,5
2019-02-25,114.0,Larnaka,5
2019-02-26,112.0,Larnaka,5
2019-02-27,148.0,Larnaka,5
2019-02-28,106.0,Larnaka,5
2019-03-01,156.0,Larnaka,5
2019-03-02,178.0,Larnaka,5
2019-03-03,129.0,Larnaka,5
2019-03-04,125.0,Larnaka,5
2019-03-05,151.0,Larnaka,5
2019-03-06,173.0,Larnaka,5
2019-03-07,155.0,Larnaka,5
2019-03-08,151.0,Larnaka,5
2019-03-09,155.0,Larnaka,5
2019-03-10,124.0,Larnaka,5
2019-03-11,114.0,Larnaka,5
2019-03-12,131.0,Larnaka,5
2019-03-13,117.0,Larnaka,5
2019-03-14,150.0,Larnaka,5
2019-03-15,110.0,Larnaka,5
2019-03-16,159.0,Larnaka,5
2019-03-17,153.0,Larnaka,5
2019-03-18,161.0,Larnaka,5
2019-03-19,136.0,Larnaka,5
2019-03-20,158.0,Larnaka,5
2019-03-21,174.0,Larnaka,5
2019-03-22,173.0,Larnaka,5
2019-03-23,197.0,Larnaka,5
2019-03-24,137.0,Larnaka,5
2019-03-25,126.0,Larnaka,5
2019-03-26,163.0,Larnaka,5
2019-03-27,159.0,Larnaka,5
2019-03-28,150.0,Larnaka,5
2019-03-29,111.0,Larnaka,5
2019-03-30,135.0,Larnaka,5
2019-03-31,155.0,Larnaka,5
2019-04-01,140.0,Larnaka,5
2019-04-02,187.0,Larnaka,5
2019-04-03,188.0,Larnaka,5
2019-04-04,153.0,Larnaka,5
2019-04-05,155.0,Larnaka,5
2019-04-06,210.0,Larnaka,5
2019-04-07,179.0,Larnaka,5
2019-04-08,208.0,Larnaka,5
2019-04-09,172.0,Larnaka,5
2019-04-10,181.0,Larnaka,5
2019-04-11,190.0,Larnaka,5
2019-04-12,203.0,Larnaka,5
2019-04-13,230.0,Larnaka,5
2019-04-14,183.0,Larnaka,5
2019-04-15,199.0,Larnaka,5
2019-04-16,158.0,Larnaka,5
2019-04-17,188.0,Larnaka,5
2019-04-18,210.0,Larnaka,5
2019-04-19,195.0,Larnaka,5
2019-04-20,222.0,Larnaka,5
2019-04-21,201.0,Larnaka,5
2019-04-22,230.0,Larnaka,5
2019-04-23,184.0,Larnaka,5
2019-04-24,204.0,Larnaka,5
2019-04-25,163.0,Larnaka,5
2019-04-26,177.0,Larnaka,5
2019-04-27,208.0,Larnaka,5
2019-04-28,197.0,Larnaka,5
2019-04-29,185.0,Larnaka,5
2019-04-30,203.0,Larnaka,5
2019-05-01,221.0,Larnaka,5
2019-05-02,223.0,Larnaka,5
2019-05-03,207.0,Larnaka,5
2019-05-04,238.0,Larnaka,5
2019-05-05,232.0,Larnaka,5
2019-05-06,226.0,Larnaka,5
2019-05-07,189.0,Larnaka,5
2019-05-08,233.0,Larnaka,5
2019-05-09,205.0,Larnaka,5
2019-05-10,225.0,Larnaka,5
2019-05-11,261.0,Larnaka,5
2019-05-12,217.0,Larnaka,5
2019-05-13,220.0,Larnaka,5
2019-05-14,185.0,Larnaka,5
2019-05-15,225.0,Larnaka,5
2019-05-16,209.0,Larnaka,5
2019-05-17,227.0,Larnaka,5
2019-05-18,211.0,Larnaka,5
2019-05-19,211.0,Larnaka,5
2019-05-20,205.0,Larnaka,5
2019-05-21,191.0,Larnaka,5
2019-05-22,229.0,Larnaka,5
2019-05-23,198.0,Larnaka,5
2019-05-24,214.0,Larnaka,5
2019-05-25,233.0,Larnaka,5
2019-05-26,211.0,Larnaka,5
2019-05-27,245.0,Larnaka,5
2019-05-28,187.0,Larnaka,5
2019-05-29,227.0,Larnaka,5
2019-05-30,213.0,Larnaka,5
2019-05-31,245.0,Larnaka,5
2019-06-01,257.0,Larnaka,5
2019-06-02,252.0,Larnaka,5
2019-06-03,257.0,Larnaka,5
2019-06-04,210.0,Larnaka,5
2019-06-05,245.0,Larnaka,5
2019-06-06,243.0,Larnaka,5
2019-06-07,261.0,Larnaka,5
2019-06-08,246.0,Larnaka,5
2019-06-09,258.0,Larnaka,5
2019-06-10,271.0,Larnaka,5
2019-06-11,218.0,Larnaka,5
2019-06-12,234.0,Larnaka,5
2019-06-13,239.0,Larnaka,5
2019-06-14,238.0,Larnaka,5
2019-06-15,241.0,Larnaka,5
2019-06-16,246.0,Larnaka,5
2019-06-17,235.0,Larnaka,5
2019-06-18,206.0,Larnaka,5
2019-06-19,260.0,Larnaka,5
2019-06-20,221.0,Larnaka,5
2019-06-21,243.0,Larnaka,5
2019-06-22,255.0,Larnaka,5
2019-06-23,259.0,Larnaka,5
2019-06-24,259.0,Larnaka,5
2019-06-25,260.0,Larnaka,5
2019-06-26,258.0,Larnaka,5
2019-06-27,236.0,Larnaka,5
2019-06-28,242.0,Larnaka,5
2019-06-29,270.0,Larnaka,5
2019-06-30,270.0,Larnaka,5
2019-07-01,285.0,Larnaka,5
2019-07-02,238.0,Larnaka,5
2019-07-03,258.0,Larnaka,5
2019-07-04,246.0,Larnaka,5
2019-07-05,278.0,Larnaka,5
2019-07-06,244.0,Larnaka,5
2019-07-07,265.0,Larnaka,5
2019-07-08,258.0,Larnaka,5
2019-07-09,206.0,Larnaka,5
2019-07-10,234.0,Larnaka,5
2019-07-11,230.0,Larnaka,5
2019-07-12,256.0,Larnaka,5
2019-07-13,243.0,Larnaka,5
2019-07-14,260.0,Larnaka,5
2019-07-15,248.0,Larnaka,5
2019-07-16,245.0,Larnaka,5
2019-07-17,256.0,Larnaka,5
2019-07-18,242.0,Larnaka,5
2019-07-19,263.0,Larnaka,5
2019-07-20,267.0,Larnaka,5
2019-07-21,267.0,Larnaka,5
2019-07-22,278.0,Larnaka,5
2019-07-23,250.0,Larnaka,5
2019-07-24,262.0,Larnaka,5
2019-07-25,250.0,Larnaka,5
2019-07-26,255.0,Larnaka,5
2019-07-27,243.0,Larnaka,5
2019-07-28,258.0,Larnaka,5
2019-07-29,295.0,Larnaka,5
2019-07-30,265.0,Larnaka,5
2019-07-31,277.0,Larnaka,5
2019-08-01,260.0,Larnaka,5
2019-08-02,259.0,Larnaka,5
2019-08-03,239.0,Larnaka,5
2019-08-04,259.0,Larnaka,5
2019-08-05,264.0,Larnaka,5
2019-08-06,220.0,Larnaka,5
2019-08-07,271.0,Larnaka,5
2019-08-08,243.0,Larnaka,5
2019-08-09,250.0,Larnaka,5
2019-08-10,268.0,Larnaka,5
2019-08-11,256.0,Larnaka,5
2019-08-12,277.0,Larnaka,5
2019-08-13,250.0,Larnaka,5
2019-08-14,267.0,Larnaka,5
2019-08-15,216.0,Larnaka,5
2019-08-16,275.0,Larnaka,5
2019-08-17,253.0,Larnaka,5
2019-08-18,265.0,Larnaka,5
2019-08-19,308.0,Larnaka,5
2019-08-20,238.0,Larnaka,5
2019-08-21,264.0,Larnaka,5
2019-08-22,250.0,Larnaka,5
2019-08-23,287.0,Larnaka,5
2019-08-24,244.0,Larnaka,5
2019-08-25,252.0,Larnaka,5
2019-08-26,274.0,Larnaka,5
2019-08-27,243.0,Larnaka,5
2019-08-28,285.0,Larnaka,5
2019-08-29,249.0,Larnaka,5
2019-08-30,288.0,Larnaka,5
2019-08-31,241.0,Larnaka,5
2019-09-01,253.0,Larnaka,5
2019-09-02,272.0,Larnaka,5
2019-09-03,237.0,Larnaka,5
2019-09-04,257.0,Larnaka,5
2019-09-05,253.0,Larnaka,5
2019-09-06,262.0,Larnaka,5
2019-09-07,234.0,Larnaka,5
2019-09-08,266.0,Larnaka,5
2019-09-09,253.0,Larnaka,5
2019-09-10,229.0,Larnaka,5
2019-09-11,269.0,Larnaka,5
2019-09-12,246.0,Larnaka,5
2019-09-13,252.0,Larnaka,5
2019-09-14,263.0,Larnaka,5
2019-09-15,263.0,Larnaka,5
2019-09-16,261.0,Larnaka,5
2019-09-17,252.0,Larnaka,5
2019-09-18,277.0,Larnaka,5
2019-09-19,236.0,Larnaka,5
2019-09-20,247.0,Larnaka,5
2019-09-21,253.0,Larnaka,5
2019-09-22,250.0,Larnaka,5
2019-09-23,243.0,Larnaka,5
2019-09-24,270.0,Larnaka,5
2019-09-25,243.0,Larnaka,5
2019-09-26,125.0,Larnaka,5
2019-09-27,262.0,Larnaka,5
2019-09-28,256.0,Larnaka,5
2019-09-29,236.0,Larnaka,5
2019-09-30,261.0,Larnaka,5
2019-10-01,221.0,Larnaka,5
2019-10-02,234.0,Larnaka,5
2019-10-03,234.0,Larnaka,5
2019-10-04,248.0,Larnaka,5
2019-10-05,278.0,Larnaka,5
2019-10-06,250.0,Larnaka,5
2019-10-07,251.0,Larnaka,5
2019-10-08,227.0,Larnaka,5
2019-10-09,215.0,Larnaka,5
2019-10-10,239.0,Larnaka,5
2019-10-11,252.0,Larnaka,5
2019-10-12,293.0,Larnaka,5
2019-10-13,243.0,Larnaka,5
2019-10-14,256.0,Larnaka,5
2019-10-15,256.0,Larnaka,5
2019-10-16,251.0,Larnaka,5
2019-10-17,238.0,Larnaka,5
2019-10-18,226.0,Larnaka,5
2019-10-19,298.0,Larnaka,5
2019-10-20,243.0,Larnaka,5
2019-10-21,272.0,Larnaka,5
2019-10-22,223.0,Larnaka,5
2019-10-23,224.0,Larnaka,5
2019-10-24,201.0,Larnaka,5
2019-10-25,205.0,Larnaka,5
2019-10-26,258.0,Larnaka,5
2019-10-27,208.0,Larnaka,5
2019-10-28,166.0,Larnaka,5
2019-10-29,187.0,Larnaka,5
2019-10-30,222.0,Larnaka,5
2019-10-31,228.0,Larnaka,5
2019-11-01,181.0,Larnaka,5
2019-11-02,197.0,Larnaka,5
2019-11-03,176.0,Larnaka,5
2019-11-04,189.0,Larnaka,5
2019-11-05,173.0,Larnaka,5
2019-11-06,188.0,Larnaka,5
2019-11-07,191.0,Larnaka,5
2019-11-08,183.0,Larnaka,5
2019-11-09,190.0,Larnaka,5
2019-11-10,139.0,Larnaka,5
2019-11-11,154.0,Larnaka,5
2019-11-12,144.0,Larnaka,5
2019-11-13,178.0,Larnaka,5
2019-11-14,163.0,Larnaka,5
2019-11-15,141.0,Larnaka,5
2019-11-16,158.0,Larnaka,5
2019-11-17,134.0,Larnaka,5
2019-11-18,147.0,Larnaka,5
2019-11-19,182.0,Larnaka,5
2019-11-20,150.0,Larnaka,5
2019-11-21,195.0,Larnaka,5
2019-11-22,162.0,Larnaka,5
2019-11-23,180.0,Larnaka,5
2019-11-24,148.0,Larnaka,5
2019-11-25,160.0,Larnaka,5
2019-11-26,160.0,Larnaka,5
2019-11-27,115.0,Larnaka,5
2019-11-28,177.0,Larnaka,5
2019-11-29,108.0,Larnaka,5
2019-11-30,172.0,Larnaka,5
2019-12-01,114.0,Larnaka,5
2019-12-02,159.0,Larnaka,5
2019-12-03,141.0,Larnaka,5
2019-12-04,158.0,Larnaka,5
2019-12-05,134.0,Larnaka,5
2019-12-06,161.0,Larnaka,5
2019-12-07,150.0,Larnaka,5
2019-12-08,140.0,Larnaka,5
2019-12-09,128.0,Larnaka,5
2019-12-10,157.0,Larnaka,5
2019-12-11,99.0,Larnaka,5
2019-12-12,118.0,Larnaka,5
2019-12-13,116.0,Larnaka,5
2019-12-14,148.0,Larnaka,5
2019-12-15,124.0,Larnaka,5
2019-12-16,146.0,Larnaka,5
2019-12-17,160.0,Larnaka,5
2019-12-18,153.0,Larnaka,5
2019-12-19,204.0,Larnaka,5
2019-12-20,169.0,Larnaka,5
2019-12-21,163.0,Larnaka,5
2019-12-22,134.0,Larnaka,5
2019-12-23,132.0,Larnaka,5
2019-12-24,106.0,Larnaka,5
2019-12-25,77.0,Larnaka,5
2019-12-26,102.0,Larnaka,5
2019-12-27,163.0,Larnaka,5
2019-12-28,168.0,Larnaka,5
2019-12-29,132.0,Larnaka,5
2019-12-30,119.0,Larnaka,5
2019-12-31,144.0,Larnaka,5
2020-01-01,97.0,Larnaka,5
2020-01-02,135.0,Larnaka,5
2020-01-03,114.0,Larnaka,5
2020-01-04,148.0,Larnaka,5
2020-01-05,153.0,Larnaka,5
2020-01-06,131.0,Larnaka,5
2020-01-07,118.0,Larnaka,5
2020-01-08,121.0,Larnaka,5
2020-01-09,141.0,Larnaka,5
2020-01-10,141.0,Larnaka,5
2020-01-11,142.0,Larnaka,5
2020-01-12,148.0,Larnaka,5
2020-01-13,144.0,Larnaka,5
2020-01-14,114.0,Larnaka,5
2020-01-15,119.0,Larnaka,5
2020-01-16,112.0,Larnaka,5
2020-01-17,115.0,Larnaka,5
2020-01-18,123.0,Larnaka,5
2020-01-19,134.0,Larnaka,5
2020-01-20,142.0,Larnaka,5
2020-01-21,112.0,Larnaka,5
2020-01-22,121.0,Larnaka,5
2020-01-23,125.0,Larnaka,5
2020-01-24,113.0,Larnaka,5
2020-01-25,123.0,Larnaka,5
2020-01-26,134.0,Larnaka,5
2020-01-27,138.0,Larnaka,5
2020-01-28,118.0,Larnaka,5
2020-01-29,132.0,Larnaka,5
2020-01-30,120.0,Larnaka,5
2020-01-31,123.0,Larnaka,5
2020-02-01,142.0,Larnaka,5
2020-02-02,117.0,Larnaka,5
2020-02-03,149.0,Larnaka,5
2020-02-04,118.0,Larnaka,5
2020-02-05,105.0,Larnaka,5
2020-02-06,116.0,Larnaka,5
2020-02-07,134.0,Larnaka,5
2020-02-08,117.0,Larnaka,5
2020-02-09,124.0,Larnaka,5
2020-02-10,139.0,Larnaka,5
2020-02-11,136.0,Larnaka,5
2020-02-12,120.0,Larnaka,5
2020-02-13,126.0,Larnaka,5
2020-02-14,129.0,Larnaka,5
2020-02-15,134.0,Larnaka,5
2020-02-16,144.0,Larnaka,5
2020-02-17,136.0,Larnaka,5
2020-02-18,125.0,Larnaka,5
2020-02-19,116.0,Larnaka,5
2020-02-20,144.0,Larnaka,5
2020-02-21,125.0,Larnaka,5
2020-02-22,136.0,Larnaka,5
2020-02-23,116.0,Larnaka,5
2020-02-24,135.0,Larnaka,5
2020-02-25,134.0,Larnaka,5
2020-02-26,132.0,Larnaka,5
2020-02-27,134.0,Larnaka,5
2020-02-28,120.0,Larnaka,5
2020-02-29,124.0,Larnaka,5
2020-03-01,133.0,Larnaka,5
2020-03-02,124.0,Larnaka,5
2020-03-03,131.0,Larnaka,5
2020-03-04,126.0,Larnaka,5
2020-03-05,156.0,Larnaka,5
2020-03-06,139.0,Larnaka,5
2020-03-07,133.0,Larnaka,5
2020-03-08,132.0,Larnaka,5
2020-03-09,141.0,Larnaka,5
2020-03-10,134.0,Larnaka,5
2020-03-11,126.0,Larnaka,5
2020-03-12,138.0,Larnaka,5
2020-03-13,137.0,Larnaka,5
2020-03-14,131.0,Larnaka,5
2020-03-15,100.0,Larnaka,5
2020-03-16,112.0,Larnaka,5
2020-03-17,57.0,Larnaka,5
2020-03-18,42.0,Larnaka,5
2020-03-19,50.0,Larnaka,5
2020-03-20,41.0,Larnaka,5
2020-03-21,30.0,Larnaka,5
2020-03-22,11.0,Larnaka,5
2020-03-23,14.0,Larnaka,5
2020-03-24,22.0,Larnaka,5
2020-03-25,21.0,Larnaka,5
2020-03-26,24.0,Larnaka,5
2020-03-27,13.0,Larnaka,5
2020-03-28,10.0,Larnaka,5
2020-03-29,2.0,Larnaka,5
2020-03-30,22.0,Larnaka,5
2020-03-31,8.0,Larnaka,5
2020-04-01,20.0,Larnaka,5
2020-04-02,15.0,Larnaka,5
2020-04-03,19.0,Larnaka,5
2020-04-04,6.0,Larnaka,5
2020-04-05,2.0,Larnaka,5
2020-04-06,10.0,Larnaka,5
2020-04-07,20.0,Larnaka,5
2020-04-08,18.0,Larnaka,5
2020-04-09,15.0,Larnaka,5
2020-04-10,25.0,Larnaka,5
2020-04-11,5.0,Larnaka,5
2020-04-12,9.0,Larnaka,5
2020-04-13,23.0,Larnaka,5
2020-04-14,20.0,Larnaka,5
2020-04-15,15.0,Larnaka,5
2020-04-16,25.0,Larnaka,5
2020-04-17,20.0,Larnaka,5
2020-04-18,12.0,Larnaka,5
2020-04-19,0.0,Larnaka,5
2020-04-20,10.0,Larnaka,5
2020-04-21,14.0,Larnaka,5
2020-04-22,13.0,Larnaka,5
2020-04-23,27.0,Larnaka,5
2020-04-24,17.0,Larnaka,5
2020-04-25,14.0,Larnaka,5
2020-04-26,7.0,Larnaka,5
2020-04-27,29.0,Larnaka,5
2020-04-28,26.0,Larnaka,5
2020-04-29,30.0,Larnaka,5
2020-04-30,27.0,Larnaka,5
2020-05-01,13.0,Larnaka,5
2020-05-02,19.0,Larnaka,5
2020-05-03,4.0,Larnaka,5
2020-05-04,21.0,Larnaka,5
2020-05-05,19.0,Larnaka,5
2020-05-06,30.0,Larnaka,5
2020-05-07,32.0,Larnaka,5
2020-05-08,52.0,Larnaka,5
2020-05-09,16.0,Larnaka,5
2020-05-10,13.0,Larnaka,5
2020-05-11,33.0,Larnaka,5
2020-05-12,10.0,Larnaka,5
2020-05-13,15.0,Larnaka,5
2020-05-14,20.0,Larnaka,5
2020-05-15,29.0,Larnaka,5
2020-05-16,20.0,Larnaka,5
2020-05-17,18.0,Larnaka,5
2020-05-18,36.0,Larnaka,5
2020-05-19,34.0,Larnaka,5
2020-05-20,24.0,Larnaka,5
2020-05-21,30.0,Larnaka,5
2020-05-22,35.0,Larnaka,5
2020-05-23,21.0,Larnaka,5
2020-05-24,11.0,Larnaka,5
2020-05-25,39.0,Larnaka,5
2020-05-26,40.0,Larnaka,5
2020-05-27,43.0,Larnaka,5
2020-05-28,59.0,Larnaka,5
2020-05-29,40.0,Larnaka,5
2020-05-30,18.0,Larnaka,5
2020-05-31,7.0,Larnaka,5
2020-06-01,43.0,Larnaka,5
2020-06-02,43.0,Larnaka,5
2020-06-03,39.0,Larnaka,5
2020-06-04,43.0,Larnaka,5
2020-06-05,52.0,Larnaka,5
2020-06-06,37.0,Larnaka,5
2020-06-07,24.0,Larnaka,5
2020-06-08,24.0,Larnaka,5
2020-06-09,56.0,Larnaka,5
2020-06-10,63.0,Larnaka,5
2020-06-11,60.0,Larnaka,5
2020-06-12,71.0,Larnaka,5
2020-06-13,43.0,Larnaka,5
2020-06-14,29.0,Larnaka,5
2020-06-15,61.0,Larnaka,5
2020-06-16,66.0,Larnaka,5
2020-06-17,57.0,Larnaka,5
2020-06-18,66.0,Larnaka,5
2020-06-19,56.0,Larnaka,5
2020-06-20,49.0,Larnaka,5
2020-06-21,51.0,Larnaka,5
2020-06-22,73.0,Larnaka,5
2020-06-23,72.0,Larnaka,5
2020-06-24,72.0,Larnaka,5
2020-06-25,65.0,Larnaka,5
2020-06-26,79.0,Larnaka,5
2020-06-27,58.0,Larnaka,5
2020-06-28,37.0,Larnaka,5
2020-06-29,68.0,Larnaka,5
2020-06-30,61.0,Larnaka,5
2020-07-01,75.0,Larnaka,5
2020-07-02,98.0,Larnaka,5
2020-07-03,107.0,Larnaka,5
2020-07-04,75.0,Larnaka,5
2020-07-05,79.0,Larnaka,5
2020-07-06,117.0,Larnaka,5
2020-07-07,88.0,Larnaka,5
2020-07-08,206.0,Larnaka,5
2020-07-09,90.0,Larnaka,5
2020-07-10,123.0,Larnaka,5
2020-07-11,89.0,Larnaka,5
2020-07-12,73.0,Larnaka,5
2020-07-13,112.0,Larnaka,5
2020-07-14,90.0,Larnaka,5
2020-07-15,90.0,Larnaka,5
2020-07-16,93.0,Larnaka,5
2020-07-17,130.0,Larnaka,5
2020-07-18,99.0,Larnaka,5
2020-07-19,89.0,Larnaka,5
2020-07-20,117.0,Larnaka,5
2020-07-21,108.0,Larnaka,5
2020-07-22,98.0,Larnaka,5
2020-07-23,103.0,Larnaka,5
2020-07-24,122.0,Larnaka,5
2020-07-25,106.0,Larnaka,5
2020-07-26,102.0,Larnaka,5
2020-07-27,118.0,Larnaka,5
2020-07-28,106.0,Larnaka,5
2020-07-29,105.0,Larnaka,5
2020-07-30,112.0,Larnaka,5
2020-07-31,115.0,Larnaka,5
2020-08-01,112.0,Larnaka,5
2020-08-02,107.0,Larnaka,5
2020-08-03,126.0,Larnaka,5
2020-08-04,111.0,Larnaka,5
2020-08-05,124.0,Larnaka,5
2020-08-06,133.0,Larnaka,5
2020-08-07,124.0,Larnaka,5
2020-08-08,105.0,Larnaka,5
2020-08-09,106.0,Larnaka,5
2020-08-10,113.0,Larnaka,5
2020-08-11,115.0,Larnaka,5
2020-08-12,130.0,Larnaka,5
2020-08-13,128.0,Larnaka,5
2020-08-14,110.0,Larnaka,5
2020-08-15,90.0,Larnaka,5
2020-08-16,109.0,Larnaka,5
2020-08-17,104.0,Larnaka,5
2020-08-18,119.0,Larnaka,5
2020-08-19,124.0,Larnaka,5
2020-08-20,108.0,Larnaka,5
2020-08-21,124.0,Larnaka,5
2020-08-22,99.0,Larnaka,5
2020-08-23,102.0,Larnaka,5
2020-08-24,108.0,Larnaka,5
2020-08-25,108.0,Larnaka,5
2020-08-26,132.0,Larnaka,5
2020-08-27,96.0,Larnaka,5
2020-08-28,142.0,Larnaka,5
2020-08-29,92.0,Larnaka,5
2020-08-30,104.0,Larnaka,5
2020-08-31,107.0,Larnaka,5
2020-09-01,98.0,Larnaka,5
2020-09-02,110.0,Larnaka,5
2020-09-03,98.0,Larnaka,5
2020-09-04,138.0,Larnaka,5
2020-09-05,109.0,Larnaka,5
2020-09-06,117.0,Larnaka,5
2020-09-07,110.0,Larnaka,5
2020-09-08,84.0,Larnaka,5
2020-09-09,105.0,Larnaka,5
2020-09-10,103.0,Larnaka,5
2020-09-11,126.0,Larnaka,5
2020-09-12,112.0,Larnaka,5
2020-09-13,109.0,Larnaka,5
2020-09-14,97.0,Larnaka,5
2020-09-15,92.0,Larnaka,5
2020-09-16,117.0,Larnaka,5
2020-09-17,99.0,Larnaka,5
2020-09-18,98.0,Larnaka,5
2020-09-19,94.0,Larnaka,5
2020-09-20,103.0,Larnaka,5
2020-09-21,90.0,Larnaka,5
2020-09-22,75.0,Larnaka,5
2020-09-23,107.0,Larnaka,5
2020-09-24,92.0,Larnaka,5
2020-09-25,114.0,Larnaka,5
2020-09-26,97.0,Larnaka,5
2020-09-27,104.0,Larnaka,5
2020-09-28,88.0,Larnaka,5
2020-09-29,87.0,Larnaka,5
2020-09-30,104.0,Larnaka,5
2020-10-01,94.0,Larnaka,5
2020-10-02,110.0,Larnaka,5
2020-10-03,95.0,Larnaka,5
2020-10-04,89.0,Larnaka,5
2020-10-05,93.0,Larnaka,5
2020-10-06,74.0,Larnaka,5
2020-10-07,95.0,Larnaka,5
2020-10-08,77.0,Larnaka,5
2020-10-09,81.0,Larnaka,5
2020-10-10,102.0,Larnaka,5
2020-10-11,89.0,Larnaka,5
2020-10-12,79.0,Larnaka,5
2020-10-13,75.0,Larnaka,5
2020-10-14,103.0,Larnaka,5
2020-10-15,72.0,Larnaka,5
2020-10-16,117.0,Larnaka,5
2020-10-17,117.0,Larnaka,5
2020-10-18,102.0,Larnaka,5
2020-10-19,82.0,Larnaka,5
2020-10-20,57.0,Larnaka,5
2020-10-21,100.0,Larnaka,5
2020-10-22,85.0,Larnaka,5
2020-10-23,118.0,Larnaka,5
2020-10-24,104.0,Larnaka,5
2020-10-25,103.0,Larnaka,5
2020-10-26,92.0,Larnaka,5
2020-10-27,69.0,Larnaka,5
2020-10-28,84.0,Larnaka,5
2020-10-29,82.0,Larnaka,5
2020-10-30,139.0,Larnaka,5
2020-10-31,104.0,Larnaka,5
2020-11-01,93.0,Larnaka,5
2020-11-02,73.0,Larnaka,5
2020-11-03,56.0,Larnaka,5
2020-11-04,64.0,Larnaka,5
2020-11-05,71.0,Larnaka,5
2020-11-06,81.0,Larnaka,5
2020-11-07,71.0,Larnaka,5
2020-11-08,78.0,Larnaka,5
2020-11-09,55.0,Larnaka,5
2020-11-10,47.0,Larnaka,5
2020-11-11,59.0,Larnaka,5
2020-11-12,80.0,Larnaka,5
2020-11-13,79.0,Larnaka,5
2020-11-14,56.0,Larnaka,5
2020-11-15,47.0,Larnaka,5
2020-11-16,59.0,Larnaka,5
2020-11-17,53.0,Larnaka,5
2020-11-18,52.0,Larnaka,5
2020-11-19,50.0,Larnaka,5
2020-11-20,66.0,Larnaka,5
2020-11-21,36.0,Larnaka,5
2020-11-22,39.0,Larnaka,5
2020-11-23,56.0,Larnaka,5
2020-11-24,58.0,Larnaka,5
2020-11-25,52.0,Larnaka,5
2020-11-26,49.0,Larnaka,5
2020-11-27,53.0,Larnaka,5
2020-11-28,23.0,Larnaka,5
2020-11-29,42.0,Larnaka,5
2020-11-30,50.0,Larnaka,5
2020-12-01,39.0,Larnaka,5
2020-12-02,55.0,Larnaka,5
2020-12-03,48.0,Larnaka,5
2020-12-04,65.0,Larnaka,5
2020-12-05,26.0,Larnaka,5
2020-12-06,55.0,Larnaka,5
2020-12-07,66.0,Larnaka,5
2020-12-08,45.0,Larnaka,5
2020-12-09,59.0,Larnaka,5
2020-12-10,54.0,Larnaka,5
2020-12-11,78.0,Larnaka,5
2020-12-12,51.0,Larnaka,5
2020-12-13,46.0,Larnaka,5
2020-12-14,52.0,Larnaka,5
2020-12-15,45.0,Larnaka,5
2020-12-16,59.0,Larnaka,5
2020-12-17,82.0,Larnaka,5
2020-12-18,97.0,Larnaka,5
2020-12-19,68.0,Larnaka,5
2020-12-20,74.0,Larnaka,5
2020-12-21,68.0,Larnaka,5
2020-12-22,56.0,Larnaka,5
2020-12-23,89.0,Larnaka,5
2020-12-24,64.0,Larnaka,5
2020-12-25,32.0,Larnaka,5
2020-12-26,25.0,Larnaka,5
2020-12-27,50.0,Larnaka,5
2020-12-28,60.0,Larnaka,5
2020-12-29,62.0,Larnaka,5
2020-12-30,68.0,Larnaka,5
2020-12-31,40.0,Larnaka,5
2021-01-01,10.0,Larnaka,5
2021-01-02,59.0,Larnaka,5
2021-01-03,41.0,Larnaka,5
2021-01-04,66.0,Larnaka,5
2021-01-05,65.0,Larnaka,5
2021-01-06,52.0,Larnaka,5
2021-01-07,55.0,Larnaka,5
2021-01-08,57.0,Larnaka,5
2021-01-09,72.0,Larnaka,5
2021-01-10,48.0,Larnaka,5
2021-01-11,50.0,Larnaka,5
2021-01-12,48.0,Larnaka,5
2021-01-13,35.0,Larnaka,5
2021-01-14,36.0,Larnaka,5
2021-01-15,46.0,Larnaka,5
2021-01-16,24.0,Larnaka,5
2021-01-17,50.0,Larnaka,5
2021-01-18,42.0,Larnaka,5
2021-01-19,41.0,Larnaka,5
2021-01-20,48.0,Larnaka,5
2021-01-21,59.0,Larnaka,5
2021-01-22,55.0,Larnaka,5
2021-01-23,40.0,Larnaka,5
2021-01-24,52.0,Larnaka,5
2021-01-25,45.0,Larnaka,5
2021-01-26,35.0,Larnaka,5
2021-01-27,51.0,Larnaka,5
2021-01-28,42.0,Larnaka,5
2021-01-29,44.0,Larnaka,5
2021-01-30,25.0,Larnaka,5
2021-01-31,51.0,Larnaka,5
2021-02-01,57.0,Larnaka,5
2021-02-02,43.0,Larnaka,5
2021-02-03,53.0,Larnaka,5
2021-02-04,49.0,Larnaka,5
2021-02-05,69.0,Larnaka,5
2021-02-06,52.0,Larnaka,5
2021-02-07,45.0,Larnaka,5
2021-02-08,49.0,Larnaka,5
2021-02-09,49.0,Larnaka,5
2021-02-10,60.0,Larnaka,5
2021-02-11,64.0,Larnaka,5
2021-02-12,73.0,Larnaka,5
2021-02-13,52.0,Larnaka,5
2021-02-14,50.0,Larnaka,5
2021-02-15,42.0,Larnaka,5
2021-02-16,32.0,Larnaka,5
2021-02-17,47.0,Larnaka,5
2021-02-18,63.0,Larnaka,5
2021-02-19,63.0,Larnaka,5
2021-02-20,56.0,Larnaka,5
2021-02-21,49.0,Larnaka,5
2021-02-22,47.0,Larnaka,5
2021-02-23,56.0,Larnaka,5
2021-02-24,64.0,Larnaka,5
2021-02-25,60.0,Larnaka,5
2021-02-26,65.0,Larnaka,5
2021-02-27,54.0,Larnaka,5
2021-02-28,47.0,Larnaka,5
2021-03-01,59.0,Larnaka,5
2021-03-02,35.0,Larnaka,5
2021-03-03,48.0,Larnaka,5
2021-03-04,64.0,Larnaka,5
2021-03-05,75.0,Larnaka,5
2021-03-06,67.0,Larnaka,5
2021-03-07,52.0,Larnaka,5
2021-03-08,71.0,Larnaka,5
2021-03-09,59.0,Larnaka,5
2021-03-10,60.0,Larnaka,5
2021-03-11,63.0,Larnaka,5
2021-03-12,75.0,Larnaka,5
2021-03-13,59.0,Larnaka,5
2021-03-14,62.0,Larnaka,5
2021-03-15,49.0,Larnaka,5
2021-03-16,60.0,Larnaka,5
2021-03-17,46.0,Larnaka,5
2021-03-18,65.0,Larnaka,5
2021-03-19,73.0,Larnaka,5
2021-03-20,55.0,Larnaka,5
2021-03-21,53.0,Larnaka,5
2021-03-22,40.0,Larnaka,5
2021-03-23,38.0,Larnaka,5
2021-03-24,49.0,Larnaka,5
2021-03-25,73.0,Larnaka,5
2021-03-26,59.0,Larnaka,5
2021-03-27,65.0,Larnaka,5
2021-03-28,50.0,Larnaka,5
2021-03-29,64.0,Larnaka,5
2021-03-30,66.0,Larnaka,5
2021-03-31,52.0,Larnaka,5
2021-04-01,73.0,Larnaka,5
2021-04-02,75.0,Larnaka,5
2021-04-03,80.0,Larnaka,5
2021-04-04,59.0,Larnaka,5
2021-04-05,77.0,Larnaka,5
2021-04-06,59.0,Larnaka,5
2021-04-07,68.0,Larnaka,5
2021-04-08,81.0,Larnaka,5
2021-04-09,79.0,Larnaka,5
2021-04-10,60.0,Larnaka,5
2021-04-11,79.0,Larnaka,5
2021-04-12,66.0,Larnaka,5
2021-04-13,53.0,Larnaka,5
2021-04-14,76.0,Larnaka,5
2021-04-15,76.0,Larnaka,5
2021-04-16,82.0,Larnaka,5
2021-04-17,80.0,Larnaka,5
2021-04-18,79.0,Larnaka,5
2021-04-19,68.0,Larnaka,5
2021-04-20,65.0,Larnaka,5
2021-04-21,70.0,Larnaka,5
2021-04-22,92.0,Larnaka,5
2021-04-23,83.0,Larnaka,5
2021-04-24,101.0,Larnaka,5
2021-04-25,72.0,Larnaka,5
2021-04-26,92.0,Larnaka,5
2021-04-27,68.0,Larnaka,5
2021-04-28,76.0,Larnaka,5
2021-04-29,98.0,Larnaka,5
2021-04-30,103.0,Larnaka,5
2021-05-01,102.0,Larnaka,5
2021-05-02,55.0,Larnaka,5
2021-05-03,73.0,Larnaka,5
2021-05-04,80.0,Larnaka,5
2021-05-05,82.0,Larnaka,5
2021-05-06,78.0,Larnaka,5
2021-05-07,104.0,Larnaka,5
2021-05-08,114.0,Larnaka,5
2021-05-09,88.0,Larnaka,5
2021-05-10,115.0,Larnaka,5
2021-05-11,97.0,Larnaka,5
2021-05-12,113.0,Larnaka,5
2021-05-13,101.0,Larnaka,5
2021-05-14,113.0,Larnaka,5
2021-05-15,120.0,Larnaka,5
2021-05-16,113.0,Larnaka,5
2021-05-17,100.0,Larnaka,5
2021-05-18,111.0,Larnaka,5
2021-05-19,114.0,Larnaka,5
2021-05-20,111.0,Larnaka,5
2021-05-21,114.0,Larnaka,5
2021-05-22,134.0,Larnaka,5
2021-05-23,104.0,Larnaka,5
2021-05-24,99.0,Larnaka,5
2021-05-25,110.0,Larnaka,5
2021-05-26,96.0,Larnaka,5
2021-05-27,113.0,Larnaka,5
2021-05-28,117.0,Larnaka,5
2021-05-29,123.0,Larnaka,5
2021-05-30,121.0,Larnaka,5
2021-05-31,114.0,Larnaka,5
2021-06-01,91.0,Larnaka,5
2021-06-02,106.0,Larnaka,5
2021-06-03,124.0,Larnaka,5
2021-06-04,142.0,Larnaka,5
2021-06-05,143.0,Larnaka,5
2021-06-06,123.0,Larnaka,5
2021-06-07,111.0,Larnaka,5
2021-06-08,117.0,Larnaka,5
2021-06-09,109.0,Larnaka,5
2021-06-10,126.0,Larnaka,5
2021-06-11,131.0,Larnaka,5
2021-06-12,146.0,Larnaka,5
2021-06-13,130.0,Larnaka,5
2021-06-14,137.0,Larnaka,5
2021-06-15,116.0,Larnaka,5
2021-06-16,143.0,Larnaka,5
2021-06-17,155.0,Larnaka,5
2021-06-18,165.0,Larnaka,5
2021-06-19,142.0,Larnaka,5
2021-06-20,146.0,Larnaka,5
2021-06-21,125.0,Larnaka,5
2021-06-22,141.0,Larnaka,5
2021-06-23,143.0,Larnaka,5
2021-06-24,182.0,Larnaka,5
2021-06-25,188.0,Larnaka,5
2021-06-26,145.0,Larnaka,5
2021-06-27,167.0,Larnaka,5
2021-06-28,160.0,Larnaka,5
2021-06-29,162.0,Larnaka,5
2021-06-30,166.0,Larnaka,5
2021-07-01,200.0,Larnaka,5
2021-07-02,192.0,Larnaka,5
2021-07-03,195.0,Larnaka,5
2021-07-04,190.0,Larnaka,5
2021-07-05,140.0,Larnaka,5
2021-07-06,151.0,Larnaka,5
2021-07-07,160.0,Larnaka,5
2021-07-08,198.0,Larnaka,5
2021-07-09,198.0,Larnaka,5
2021-07-10,221.0,Larnaka,5
2021-07-11,192.0,Larnaka,5
2021-07-12,176.0,Larnaka,5
2021-07-13,160.0,Larnaka,5
2021-07-14,150.0,Larnaka,5
2021-07-15,186.0,Larnaka,5
2021-07-16,178.0,Larnaka,5
2021-07-17,215.0,Larnaka,5
2021-07-18,184.0,Larnaka,5
2021-07-19,194.0,Larnaka,5
2021-07-20,154.0,Larnaka,5
2021-07-21,164.0,Larnaka,5
2021-07-22,182.0,Larnaka,5
2021-07-23,200.0,Larnaka,5
2021-07-24,202.0,Larnaka,5
2021-07-25,191.0,Larnaka,5
2021-07-26,167.0,Larnaka,5
2021-07-27,159.0,Larnaka,5
2021-07-28,164.0,Larnaka,5
2021-07-29,204.0,Larnaka,5
2021-07-30,183.0,Larnaka,5
2021-07-31,218.0,Larnaka,5
2021-08-01,194.0,Larnaka,5
2021-08-02,183.0,Larnaka,5
2021-08-03,171.0,Larnaka,5
2021-08-04,168.0,Larnaka,5
2021-08-05,186.0,Larnaka,5
2021-08-06,184.0,Larnaka,5
2021-08-07,213.0,Larnaka,5
2021-08-08,205.0,Larnaka,5
2021-08-09,178.0,Larnaka,5
2021-08-10,166.0,Larnaka,5
2021-08-11,167.0,Larnaka,5
2021-08-12,188.0,Larnaka,5
2021-08-13,168.0,Larnaka,5
2021-08-14,197.0,Larnaka,5
2021-08-15,188.0,Larnaka,5
2021-08-16,173.0,Larnaka,5
2021-08-17,134.0,Larnaka,5
2021-08-18,168.0,Larnaka,5
2021-08-19,185.0,Larnaka,5
2021-08-20,182.0,Larnaka,5
2021-08-21,208.0,Larnaka,5
2021-08-22,213.0,Larnaka,5
2021-08-23,169.0,Larnaka,5
2021-08-24,149.0,Larnaka,5
2021-08-25,175.0,Larnaka,5
2021-08-26,172.0,Larnaka,5
2021-08-27,169.0,Larnaka,5
2021-08-28,224.0,Larnaka,5
2021-08-29,196.0,Larnaka,5
2021-08-30,177.0,Larnaka,5
2021-08-31,156.0,Larnaka,5
2021-09-01,159.0,Larnaka,5
2021-09-02,172.0,Larnaka,5
2021-09-03,161.0,Larnaka,5
2021-09-04,214.0,Larnaka,5
2021-09-05,211.0,Larnaka,5
2021-09-06,166.0,Larnaka,5
2021-09-07,141.0,Larnaka,5
2021-09-08,160.0,Larnaka,5
2021-09-09,177.0,Larnaka,5
2021-09-10,164.0,Larnaka,5
2021-09-11,214.0,Larnaka,5
2021-09-12,194.0,Larnaka,5
2021-09-13,166.0,Larnaka,5
2021-09-14,140.0,Larnaka,5
2021-09-15,166.0,Larnaka,5
2021-09-16,151.0,Larnaka,5
2021-09-17,176.0,Larnaka,5
2021-09-18,203.0,Larnaka,5
2021-09-19,200.0,Larnaka,5
2021-09-20,167.0,Larnaka,5
2021-09-21,145.0,Larnaka,5
2021-09-22,151.0,Larnaka,5
2021-09-23,181.0,Larnaka,5
2021-09-24,172.0,Larnaka,5
2021-09-25,211.0,Larnaka,5
2021-09-26,221.0,Larnaka,5
2021-09-27,165.0,Larnaka,5
2021-09-28,152.0,Larnaka,5
2021-09-29,168.0,Larnaka,5
2021-09-30,180.0,Larnaka,5
2021-10-01,166.0,Larnaka,5
2021-10-02,215.0,Larnaka,5
2021-10-03,207.0,Larnaka,5
2021-10-04,172.0,Larnaka,5
2021-10-05,146.0,Larnaka,5
2021-10-06,162.0,Larnaka,5
2021-10-07,183.0,Larnaka,5
2021-10-08,180.0,Larnaka,5
2021-10-09,234.0,Larnaka,5
2021-10-10,207.0,Larnaka,5
2021-10-11,166.0,Larnaka,5
2021-10-12,129.0,Larnaka,5
2021-10-13,144.0,Larnaka,5
2021-10-14,126.0,Larnaka,5
2021-10-15,244.0,Larnaka,5
2021-10-16,248.0,Larnaka,5
2021-10-17,208.0,Larnaka,5
2021-10-18,169.0,Larnaka,5
2021-10-19,148.0,Larnaka,5
2021-10-20,147.0,Larnaka,5
2021-10-21,192.0,Larnaka,5
2021-10-22,184.0,Larnaka,5
2021-10-23,223.0,Larnaka,5
2021-10-24,215.0,Larnaka,5
2021-10-25,179.0,Larnaka,5
2021-10-26,138.0,Larnaka,5
2021-10-27,149.0,Larnaka,5
2021-10-28,159.0,Larnaka,5
2021-10-29,177.0,Larnaka,5
2021-10-30,214.0,Larnaka,5
2021-10-31,195.0,Larnaka,5
2021-11-01,163.0,Larnaka,5
2021-11-02,131.0,Larnaka,5
2021-11-03,145.0,Larnaka,5
2021-11-04,139.0,Larnaka,5
2021-11-05,149.0,Larnaka,5
2021-11-06,184.0,Larnaka,5
2021-11-07,122.0,Larnaka,5
2021-11-08,168.0,Larnaka,5
2021-11-09,104.0,Larnaka,5
2021-11-10,119.0,Larnaka,5
2021-11-11,125.0,Larnaka,5
2021-11-12,127.0,Larnaka,5
2021-11-13,153.0,Larnaka,5
2021-11-14,134.0,Larnaka,5
2021-11-15,124.0,Larnaka,5
2021-11-16,107.0,Larnaka,5
2021-11-17,119.0,Larnaka,5
2021-11-18,113.0,Larnaka,5
2021-11-19,101.0,Larnaka,5
2021-11-20,112.0,Larnaka,5
2021-11-21,122.0,Larnaka,5
2021-11-22,107.0,Larnaka,5
2021-11-23,92.0,Larnaka,5
2021-11-24,109.0,Larnaka,5
2021-11-25,94.0,Larnaka,5
2021-11-26,124.0,Larnaka,5
2021-11-27,128.0,Larnaka,5
2021-11-28,110.0,Larnaka,5
2021-11-29,99.0,Larnaka,5
2021-11-30,89.0,Larnaka,5
2021-12-01,109.0,Larnaka,5
2021-12-02,119.0,Larnaka,5
2021-12-03,121.0,Larnaka,5
2021-12-04,123.0,Larnaka,5
2021-12-05,107.0,Larnaka,5
2021-12-06,110.0,Larnaka,5
2021-12-07,82.0,Larnaka,5
2021-12-08,103.0,Larnaka,5
2021-12-09,106.0,Larnaka,5
2021-12-10,109.0,Larnaka,5
2021-12-11,110.0,Larnaka,5
2021-12-12,105.0,Larnaka,5
2021-12-13,112.0,Larnaka,5
2021-12-14,88.0,Larnaka,5
2021-12-15,98.0,Larnaka,5
2021-12-16,116.0,Larnaka,5
2021-12-17,141.0,Larnaka,5
2021-12-18,130.0,Larnaka,5
2021-12-19,116.0,Larnaka,5
2021-12-20,102.0,Larnaka,5
2021-12-21,95.0,Larnaka,5
2021-12-22,139.0,Larnaka,5
2021-12-23,129.0,Larnaka,5
2021-12-24,112.0,Larnaka,5
2021-12-25,65.0,Larnaka,5
2021-12-26,104.0,Larnaka,5
2021-12-27,119.0,Larnaka,5
2021-12-28,94.0,Larnaka,5
2021-12-29,109.0,Larnaka,5
2021-12-30,105.0,Larnaka,5
2021-12-31,69.0,Larnaka,5
2018-01-01,16.0,Pafos,15
2018-01-02,25.0,Pafos,15
2018-01-03,53.0,Pafos,15
2018-01-04,27.0,Pafos,15
2018-01-05,20.0,Pafos,15
2018-01-06,26.0,Pafos,15
2018-01-07,48.0,Pafos,15
2018-01-08,42.0,Pafos,15
2018-01-09,76.0,Pafos,15
2018-01-10,48.0,Pafos,15
2018-01-11,60.0,Pafos,15
2018-01-12,20.0,Pafos,15
2018-01-13,32.0,Pafos,15
2018-01-14,36.0,Pafos,15
2018-01-15,47.0,Pafos,15
2018-01-16,36.0,Pafos,15
2018-01-17,53.0,Pafos,15
2018-01-18,10.0,Pafos,15
2018-01-19,23.0,Pafos,15
2018-01-20,33.0,Pafos,15
2018-01-21,21.0,Pafos,15
2018-01-22,22.0,Pafos,15
2018-01-23,24.0,Pafos,15
2018-01-24,32.0,Pafos,15
2018-01-25,15.0,Pafos,15
2018-01-26,16.0,Pafos,15
2018-01-27,26.0,Pafos,15
2018-01-28,20.0,Pafos,15
2018-01-29,26.0,Pafos,15
2018-01-30,31.0,Pafos,15
2018-01-31,54.0,Pafos,15
2018-02-01,48.0,Pafos,15
2018-02-02,11.0,Pafos,15
2018-02-03,24.0,Pafos,15
2018-02-04,21.0,Pafos,15
2018-02-05,29.0,Pafos,15
2018-02-06,39.0,Pafos,15
2018-02-07,46.0,Pafos,15
2018-02-08,28.0,Pafos,15
2018-02-09,22.0,Pafos,15
2018-02-10,58.0,Pafos,15
2018-02-11,29.0,Pafos,15
2018-02-12,34.0,Pafos,15
2018-02-13,32.0,Pafos,15
2018-02-14,46.0,Pafos,15
2018-02-15,53.0,Pafos,15
2018-02-16,18.0,Pafos,15
2018-02-17,26.0,Pafos,15
2018-02-18,29.0,Pafos,15
2018-02-19,20.0,Pafos,15
2018-02-20,32.0,Pafos,15
2018-02-21,43.0,Pafos,15
2018-02-22,34.0,Pafos,15
2018-02-23,18.0,Pafos,15
2018-02-24,26.0,Pafos,15
2018-02-25,35.0,Pafos,15
2018-02-26,52.0,Pafos,15
2018-02-27,34.0,Pafos,15
2018-02-28,72.0,Pafos,15
2018-03-01,43.0,Pafos,15
2018-03-02,19.0,Pafos,15
2018-03-03,32.0,Pafos,15
2018-03-04,39.0,Pafos,15
2018-03-05,51.0,Pafos,15
2018-03-06,40.0,Pafos,15
2018-03-07,80.0,Pafos,15
2018-03-08,47.0,Pafos,15
2018-03-09,22.0,Pafos,15
2018-03-10,59.0,Pafos,15
2018-03-11,57.0,Pafos,15
2018-03-12,38.0,Pafos,15
2018-03-13,42.0,Pafos,15
2018-03-14,78.0,Pafos,15
2018-03-15,43.0,Pafos,15
2018-03-16,27.0,Pafos,15
2018-03-17,50.0,Pafos,15
2018-03-18,53.0,Pafos,15
2018-03-19,38.0,Pafos,15
2018-03-20,39.0,Pafos,15
2018-03-21,81.0,Pafos,15
2018-03-22,60.0,Pafos,15
2018-03-23,24.0,Pafos,15
2018-03-24,49.0,Pafos,15
2018-03-25,51.0,Pafos,15
2018-03-26,43.0,Pafos,15
2018-03-27,61.0,Pafos,15
2018-03-28,106.0,Pafos,15
2018-03-29,62.0,Pafos,15
2018-03-30,40.0,Pafos,15
2018-03-31,73.0,Pafos,15
2018-04-01,60.0,Pafos,15
2018-04-02,57.0,Pafos,15
2018-04-03,60.0,Pafos,15
2018-04-04,112.0,Pafos,15
2018-04-05,43.0,Pafos,15
2018-04-06,38.0,Pafos,15
2018-04-07,72.0,Pafos,15
2018-04-08,56.0,Pafos,15
2018-04-09,43.0,Pafos,15
2018-04-10,43.0,Pafos,15
2018-04-11,111.0,Pafos,15
2018-04-12,57.0,Pafos,15
2018-04-13,52.0,Pafos,15
2018-04-14,77.0,Pafos,15
2018-04-15,58.0,Pafos,15
2018-04-16,39.0,Pafos,15
2018-04-17,59.0,Pafos,15
2018-04-18,113.0,Pafos,15
2018-04-19,85.0,Pafos,15
2018-04-20,72.0,Pafos,15
2018-04-21,87.0,Pafos,15
2018-04-22,58.0,Pafos,15
2018-04-23,66.0,Pafos,15
2018-04-24,69.0,Pafos,15
2018-04-25,123.0,Pafos,15
2018-04-26,74.0,Pafos,15
2018-04-27,46.0,Pafos,15
2018-04-28,101.0,Pafos,15
2018-04-29,67.0,Pafos,15
2018-04-30,68.0,Pafos,15
2018-05-01,53.0,Pafos,15
2018-05-02,123.0,Pafos,15
2018-05-03,72.0,Pafos,15
2018-05-04,65.0,Pafos,15
2018-05-05,93.0,Pafos,15
2018-05-06,72.0,Pafos,15
2018-05-07,66.0,Pafos,15
2018-05-08,68.0,Pafos,15
2018-05-09,117.0,Pafos,15
2018-05-10,83.0,Pafos,15
2018-05-11,60.0,Pafos,15
2018-05-12,86.0,Pafos,15
2018-05-13,68.0,Pafos,15
2018-05-14,82.0,Pafos,15
2018-05-15,83.0,Pafos,15
2018-05-16,120.0,Pafos,15
2018-05-17,116.0,Pafos,15
2018-05-18,59.0,Pafos,15
2018-05-19,93.0,Pafos,15
2018-05-20,76.0,Pafos,15
2018-05-21,91.0,Pafos,15
2018-05-22,74.0,Pafos,15
2018-05-23,150.0,Pafos,15
2018-05-24,90.0,Pafos,15
2018-05-25,66.0,Pafos,15
2018-05-26,86.0,Pafos,15
2018-05-27,74.0,Pafos,15
2018-05-28,55.0,Pafos,15
2018-05-29,80.0,Pafos,15
2018-05-30,135.0,Pafos,15
2018-05-31,90.0,Pafos,15
2018-06-01,65.0,Pafos,15
2018-06-02,87.0,Pafos,15
2018-06-03,87.0,Pafos,15
2018-06-04,90.0,Pafos,15
2018-06-05,103.0,Pafos,15
2018-06-06,117.0,Pafos,15
2018-06-07,88.0,Pafos,15
2018-06-08,78.0,Pafos,15
2018-06-09,107.0,Pafos,15
2018-06-10,81.0,Pafos,15
2018-06-11,73.0,Pafos,15
2018-06-12,71.0,Pafos,15
2018-06-13,127.0,Pafos,15
2018-06-14,91.0,Pafos,15
2018-06-15,68.0,Pafos,15
2018-06-16,87.0,Pafos,15
2018-06-17,78.0,Pafos,15
2018-06-18,84.0,Pafos,15
2018-06-19,73.0,Pafos,15
2018-06-20,127.0,Pafos,15
2018-06-21,113.0,Pafos,15
2018-06-22,80.0,Pafos,15
2018-06-23,102.0,Pafos,15
2018-06-24,102.0,Pafos,15
2018-06-25,67.0,Pafos,15
2018-06-26,66.0,Pafos,15
2018-06-27,131.0,Pafos,15
2018-06-28,89.0,Pafos,15
2018-06-29,65.0,Pafos,15
2018-06-30,109.0,Pafos,15
2018-07-01,81.0,Pafos,15
2018-07-02,64.0,Pafos,15
2018-07-03,82.0,Pafos,15
2018-07-04,119.0,Pafos,15
2018-07-05,101.0,Pafos,15
2018-07-06,66.0,Pafos,15
2018-07-07,96.0,Pafos,15
2018-07-08,81.0,Pafos,15
2018-07-09,84.0,Pafos,15
2018-07-10,82.0,Pafos,15
2018-07-11,131.0,Pafos,15
2018-07-12,101.0,Pafos,15
2018-07-13,70.0,Pafos,15
2018-07-14,91.0,Pafos,15
2018-07-15,79.0,Pafos,15
2018-07-16,68.0,Pafos,15
2018-07-17,71.0,Pafos,15
2018-07-18,118.0,Pafos,15
2018-07-19,103.0,Pafos,15
2018-07-20,64.0,Pafos,15
2018-07-21,97.0,Pafos,15
2018-07-22,109.0,Pafos,15
2018-07-23,84.0,Pafos,15
2018-07-24,68.0,Pafos,15
2018-07-25,127.0,Pafos,15
2018-07-26,102.0,Pafos,15
2018-07-27,60.0,Pafos,15
2018-07-28,101.0,Pafos,15
2018-07-29,86.0,Pafos,15
2018-07-30,64.0,Pafos,15
2018-07-31,69.0,Pafos,15
2018-08-01,119.0,Pafos,15
2018-08-02,81.0,Pafos,15
2018-08-03,66.0,Pafos,15
2018-08-04,92.0,Pafos,15
2018-08-05,76.0,Pafos,15
2018-08-06,80.0,Pafos,15
2018-08-07,67.0,Pafos,15
2018-08-08,109.0,Pafos,15
2018-08-09,67.0,Pafos,15
2018-08-10,61.0,Pafos,15
2018-08-11,104.0,Pafos,15
2018-08-12,74.0,Pafos,15
2018-08-13,96.0,Pafos,15
2018-08-14,62.0,Pafos,15
2018-08-15,141.0,Pafos,15
2018-08-16,63.0,Pafos,15
2018-08-17,60.0,Pafos,15
2018-08-18,88.0,Pafos,15
2018-08-19,80.0,Pafos,15
2018-08-20,82.0,Pafos,15
2018-08-21,78.0,Pafos,15
2018-08-22,128.0,Pafos,15
2018-08-23,72.0,Pafos,15
2018-08-24,60.0,Pafos,15
2018-08-25,88.0,Pafos,15
2018-08-26,85.0,Pafos,15
2018-08-27,77.0,Pafos,15
2018-08-28,68.0,Pafos,15
2018-08-29,132.0,Pafos,15
2018-08-30,88.0,Pafos,15
2018-08-31,57.0,Pafos,15
2018-09-01,92.0,Pafos,15
2018-09-02,89.0,Pafos,15
2018-09-03,98.0,Pafos,15
2018-09-04,65.0,Pafos,15
2018-09-05,117.0,Pafos,15
2018-09-06,85.0,Pafos,15
2018-09-07,67.0,Pafos,15
2018-09-08,101.0,Pafos,15
2018-09-09,104.0,Pafos,15
2018-09-10,74.0,Pafos,15
2018-09-11,77.0,Pafos,15
2018-09-12,125.0,Pafos,15
2018-09-13,80.0,Pafos,15
2018-09-14,60.0,Pafos,15
2018-09-15,95.0,Pafos,15
2018-09-16,96.0,Pafos,15
2018-09-17,80.0,Pafos,15
2018-09-18,83.0,Pafos,15
2018-09-19,119.0,Pafos,15
2018-09-20,101.0,Pafos,15
2018-09-21,61.0,Pafos,15
2018-09-22,97.0,Pafos,15
2018-09-23,75.0,Pafos,15
2018-09-24,68.0,Pafos,15
2018-09-25,71.0,Pafos,15
2018-09-26,113.0,Pafos,15
2018-09-27,81.0,Pafos,15
2018-09-28,86.0,Pafos,15
2018-09-29,103.0,Pafos,15
2018-09-30,76.0,Pafos,15
2018-10-01,98.0,Pafos,15
2018-10-02,65.0,Pafos,15
2018-10-03,111.0,Pafos,15
2018-10-04,68.0,Pafos,15
2018-10-05,76.0,Pafos,15
2018-10-06,89.0,Pafos,15
2018-10-07,75.0,Pafos,15
2018-10-08,80.0,Pafos,15
2018-10-09,64.0,Pafos,15
2018-10-10,125.0,Pafos,15
2018-10-11,82.0,Pafos,15
2018-10-12,86.0,Pafos,15
2018-10-13,113.0,Pafos,15
2018-10-14,81.0,Pafos,15
2018-10-15,62.0,Pafos,15
2018-10-16,101.0,Pafos,15
2018-10-17,125.0,Pafos,15
2018-10-18,93.0,Pafos,15
2018-10-19,59.0,Pafos,15
2018-10-20,100.0,Pafos,15
2018-10-21,71.0,Pafos,15
2018-10-22,59.0,Pafos,15
2018-10-23,71.0,Pafos,15
2018-10-24,118.0,Pafos,15
2018-10-25,55.0,Pafos,15
2018-10-26,93.0,Pafos,15
2018-10-27,123.0,Pafos,15
2018-10-28,67.0,Pafos,15
2018-10-29,132.0,Pafos,15
2018-10-30,125.0,Pafos,15
2018-10-31,172.0,Pafos,15
2018-11-01,57.0,Pafos,15
2018-11-02,37.0,Pafos,15
2018-11-03,95.0,Pafos,15
2018-11-04,76.0,Pafos,15
2018-11-05,61.0,Pafos,15
2018-11-06,53.0,Pafos,15
2018-11-07,110.0,Pafos,15
2018-11-08,52.0,Pafos,15
2018-11-09,39.0,Pafos,15
2018-11-10,80.0,Pafos,15
2018-11-11,55.0,Pafos,15
2018-11-12,54.0,Pafos,15
2018-11-13,49.0,Pafos,15
2018-11-14,95.0,Pafos,15
2018-11-15,66.0,Pafos,15
2018-11-16,33.0,Pafos,15
2018-11-17,78.0,Pafos,15
2018-11-18,48.0,Pafos,15
2018-11-19,37.0,Pafos,15
2018-11-20,44.0,Pafos,15
2018-11-21,96.0,Pafos,15
2018-11-22,51.0,Pafos,15
2018-11-23,25.0,Pafos,15
2018-11-24,62.0,Pafos,15
2018-11-25,40.0,Pafos,15
2018-11-26,49.0,Pafos,15
2018-11-27,47.0,Pafos,15
2018-11-28,65.0,Pafos,15
2018-11-29,40.0,Pafos,15
2018-11-30,20.0,Pafos,15
2018-12-01,38.0,Pafos,15
2018-12-02,38.0,Pafos,15
2018-12-03,35.0,Pafos,15
2018-12-04,18.0,Pafos,15
2018-12-05,55.0,Pafos,15
2018-12-06,20.0,Pafos,15
2018-12-07,22.0,Pafos,15
2018-12-08,52.0,Pafos,15
2018-12-09,33.0,Pafos,15
2018-12-10,28.0,Pafos,15
2018-12-11,33.0,Pafos,15
2018-12-12,54.0,Pafos,15
2018-12-13,56.0,Pafos,15
2018-12-14,25.0,Pafos,15
2018-12-15,51.0,Pafos,15
2018-12-16,34.0,Pafos,15
2018-12-17,24.0,Pafos,15
2018-12-18,26.0,Pafos,15
2018-12-19,55.0,Pafos,15
2018-12-20,40.0,Pafos,15
2018-12-21,32.0,Pafos,15
2018-12-22,60.0,Pafos,15
2018-12-23,34.0,Pafos,15
2018-12-24,15.0,Pafos,15
2018-12-25,7.0,Pafos,15
2018-12-26,47.0,Pafos,15
2018-12-27,38.0,Pafos,15
2018-12-28,22.0,Pafos,15
2018-12-29,47.0,Pafos,15
2018-12-30,40.0,Pafos,15
2018-12-31,15.0,Pafos,15
2019-01-01,16.0,Pafos,15
2019-01-02,51.0,Pafos,15
2019-01-03,40.0,Pafos,15
2019-01-04,22.0,Pafos,15
2019-01-05,42.0,Pafos,15
2019-01-06,35.0,Pafos,15
2019-01-07,25.0,Pafos,15
2019-01-08,23.0,Pafos,15
2019-01-09,60.0,Pafos,15
2019-01-10,46.0,Pafos,15
2019-01-11,30.0,Pafos,15
2019-01-12,52.0,Pafos,15
2019-01-13,35.0,Pafos,15
2019-01-14,41.0,Pafos,15
2019-01-15,16.0,Pafos,15
2019-01-16,50.0,Pafos,15
2019-01-17,57.0,Pafos,15
2019-01-18,37.0,Pafos,15
2019-01-19,52.0,Pafos,15
2019-01-20,30.0,Pafos,15
2019-01-21,49.0,Pafos,15
2019-01-22,34.0,Pafos,15
2019-01-23,67.0,Pafos,15
2019-01-24,38.0,Pafos,15
2019-01-25,19.0,Pafos,15
2019-01-26,58.0,Pafos,15
2019-01-27,44.0,Pafos,15
2019-01-28,27.0,Pafos,15
2019-01-29,46.0,Pafos,15
2019-01-30,41.0,Pafos,15
2019-01-31,37.0,Pafos,15
2019-02-01,26.0,Pafos,15
2019-02-02,88.0,Pafos,15
2019-02-03,81.0,Pafos,15
2019-02-04,46.0,Pafos,15
2019-02-05,51.0,Pafos,15
2019-02-06,66.0,Pafos,15
2019-02-07,41.0,Pafos,15
2019-02-08,26.0,Pafos,15
2019-02-09,50.0,Pafos,15
2019-02-10,31.0,Pafos,15
2019-02-11,35.0,Pafos,15
2019-02-12,33.0,Pafos,15
2019-02-13,61.0,Pafos,15
2019-02-14,22.0,Pafos,15
2019-02-15,22.0,Pafos,15
2019-02-16,47.0,Pafos,15
2019-02-17,39.0,Pafos,15
2019-02-18,43.0,Pafos,15
2019-02-19,53.0,Pafos,15
2019-02-20,61.0,Pafos,15
2019-02-21,45.0,Pafos,15
2019-02-22,20.0,Pafos,15
2019-02-23,44.0,Pafos,15
2019-02-24,36.0,Pafos,15
2019-02-25,38.0,Pafos,15
2019-02-26,37.0,Pafos,15
2019-02-27,71.0,Pafos,15
2019-02-28,29.0,Pafos,15
2019-03-01,30.0,Pafos,15
2019-03-02,49.0,Pafos,15
2019-03-03,51.0,Pafos,15
2019-03-04,42.0,Pafos,15
2019-03-05,45.0,Pafos,15
2019-03-06,113.0,Pafos,15
2019-03-07,59.0,Pafos,15
2019-03-08,26.0,Pafos,15
2019-03-09,58.0,Pafos,15
2019-03-10,37.0,Pafos,15
2019-03-11,21.0,Pafos,15
2019-03-12,46.0,Pafos,15
2019-03-13,76.0,Pafos,15
2019-03-14,34.0,Pafos,15
2019-03-15,29.0,Pafos,15
2019-03-16,54.0,Pafos,15
2019-03-17,38.0,Pafos,15
2019-03-18,64.0,Pafos,15
2019-03-19,28.0,Pafos,15
2019-03-20,76.0,Pafos,15
2019-03-21,80.0,Pafos,15
2019-03-22,24.0,Pafos,15
2019-03-23,70.0,Pafos,15
2019-03-24,39.0,Pafos,15
2019-03-25,20.0,Pafos,15
2019-03-26,70.0,Pafos,15
2019-03-27,102.0,Pafos,15
2019-03-28,54.0,Pafos,15
2019-03-29,27.0,Pafos,15
2019-03-30,74.0,Pafos,15
2019-03-31,56.0,Pafos,15
2019-04-01,41.0,Pafos,15
2019-04-02,81.0,Pafos,15
2019-04-03,108.0,Pafos,15
2019-04-04,83.0,Pafos,15
2019-04-05,66.0,Pafos,15
2019-04-06,93.0,Pafos,15
2019-04-07,66.0,Pafos,15
2019-04-08,60.0,Pafos,15
2019-04-09,66.0,Pafos,15
2019-04-10,122.0,Pafos,15
2019-04-11,82.0,Pafos,15
2019-04-12,62.0,Pafos,15
2019-04-13,94.0,Pafos,15
2019-04-14,62.0,Pafos,15
2019-04-15,69.0,Pafos,15
2019-04-16,61.0,Pafos,15
2019-04-17,121.0,Pafos,15
2019-04-18,96.0,Pafos,15
2019-04-19,49.0,Pafos,15
2019-04-20,88.0,Pafos,15
2019-04-21,65.0,Pafos,15
2019-04-22,67.0,Pafos,15
2019-04-23,75.0,Pafos,15
2019-04-24,117.0,Pafos,15
2019-04-25,58.0,Pafos,15
2019-04-26,48.0,Pafos,15
2019-04-27,88.0,Pafos,15
2019-04-28,65.0,Pafos,15
2019-04-29,47.0,Pafos,15
2019-04-30,59.0,Pafos,15
2019-05-01,112.0,Pafos,15
2019-05-02,85.0,Pafos,15
2019-05-03,61.0,Pafos,15
2019-05-04,91.0,Pafos,15
2019-05-05,68.0,Pafos,15
2019-05-06,79.0,Pafos,15
2019-05-07,85.0,Pafos,15
2019-05-08,125.0,Pafos,15
2019-05-09,98.0,Pafos,15
2019-05-10,58.0,Pafos,15
2019-05-11,108.0,Pafos,15
2019-05-12,77.0,Pafos,15
2019-05-13,75.0,Pafos,15
2019-05-14,90.0,Pafos,15
2019-05-15,132.0,Pafos,15
2019-05-16,85.0,Pafos,15
2019-05-17,58.0,Pafos,15
2019-05-18,86.0,Pafos,15
2019-05-19,73.0,Pafos,15
2019-05-20,148.0,Pafos,15
2019-05-21,109.0,Pafos,15
2019-05-22,176.0,Pafos,15
2019-05-23,164.0,Pafos,15
2019-05-24,57.0,Pafos,15
2019-05-25,99.0,Pafos,15
2019-05-26,83.0,Pafos,15
2019-05-27,135.0,Pafos,15
2019-05-28,127.0,Pafos,15
2019-05-29,131.0,Pafos,15
2019-05-30,102.0,Pafos,15
2019-05-31,57.0,Pafos,15
2019-06-01,100.0,Pafos,15
2019-06-02,80.0,Pafos,15
2019-06-03,72.0,Pafos,15
2019-06-04,61.0,Pafos,15
2019-06-05,110.0,Pafos,15
2019-06-06,96.0,Pafos,15
2019-06-07,145.0,Pafos,15
2019-06-08,103.0,Pafos,15
2019-06-09,81.0,Pafos,15
2019-06-10,84.0,Pafos,15
2019-06-11,79.0,Pafos,15
2019-06-12,125.0,Pafos,15
2019-06-13,91.0,Pafos,15
2019-06-14,57.0,Pafos,15
2019-06-15,92.0,Pafos,15
2019-06-16,85.0,Pafos,15
2019-06-17,68.0,Pafos,15
2019-06-18,79.0,Pafos,15
2019-06-19,132.0,Pafos,15
2019-06-20,107.0,Pafos,15
2019-06-21,58.0,Pafos,15
2019-06-22,106.0,Pafos,15
2019-06-23,75.0,Pafos,15
2019-06-24,71.0,Pafos,15
2019-06-25,65.0,Pafos,15
2019-06-26,114.0,Pafos,15
2019-06-27,99.0,Pafos,15
2019-06-28,61.0,Pafos,15
2019-06-29,97.0,Pafos,15
2019-06-30,78.0,Pafos,15
2019-07-01,87.0,Pafos,15
2019-07-02,76.0,Pafos,15
2019-07-03,117.0,Pafos,15
2019-07-04,113.0,Pafos,15
2019-07-05,57.0,Pafos,15
2019-07-06,96.0,Pafos,15
2019-07-07,86.0,Pafos,15
2019-07-08,77.0,Pafos,15
2019-07-09,73.0,Pafos,15
2019-07-10,115.0,Pafos,15
2019-07-11,94.0,Pafos,15
2019-07-12,60.0,Pafos,15
2019-07-13,95.0,Pafos,15
2019-07-14,78.0,Pafos,15
2019-07-15,86.0,Pafos,15
2019-07-16,69.0,Pafos,15
2019-07-17,124.0,Pafos,15
2019-07-18,89.0,Pafos,15
2019-07-19,61.0,Pafos,15
2019-07-20,95.0,Pafos,15
2019-07-21,92.0,Pafos,15
2019-07-22,85.0,Pafos,15
2019-07-23,101.0,Pafos,15
2019-07-24,134.0,Pafos,15
2019-07-25,92.0,Pafos,15
2019-07-26,69.0,Pafos,15
2019-07-27,107.0,Pafos,15
2019-07-28,75.0,Pafos,15
2019-07-29,70.0,Pafos,15
2019-07-30,96.0,Pafos,15
2019-07-31,108.0,Pafos,15
2019-08-01,105.0,Pafos,15
2019-08-02,64.0,Pafos,15
2019-08-03,104.0,Pafos,15
2019-08-04,77.0,Pafos,15
2019-08-05,81.0,Pafos,15
2019-08-06,68.0,Pafos,15
2019-08-07,124.0,Pafos,15
2019-08-08,98.0,Pafos,15
2019-08-09,57.0,Pafos,15
2019-08-10,103.0,Pafos,15
2019-08-11,76.0,Pafos,15
2019-08-12,121.0,Pafos,15
2019-08-13,119.0,Pafos,15
2019-08-14,119.0,Pafos,15
2019-08-15,69.0,Pafos,15
2019-08-16,60.0,Pafos,15
2019-08-17,103.0,Pafos,15
2019-08-18,92.0,Pafos,15
2019-08-19,93.0,Pafos,15
2019-08-20,69.0,Pafos,15
2019-08-21,119.0,Pafos,15
2019-08-22,85.0,Pafos,15
2019-08-23,54.0,Pafos,15
2019-08-24,105.0,Pafos,15
2019-08-25,80.0,Pafos,15
2019-08-26,75.0,Pafos,15
2019-08-27,83.0,Pafos,15
2019-08-28,132.0,Pafos,15
2019-08-29,89.0,Pafos,15
2019-08-30,61.0,Pafos,15
2019-08-31,97.0,Pafos,15
2019-09-01,79.0,Pafos,15
2019-09-02,88.0,Pafos,15
2019-09-03,93.0,Pafos,15
2019-09-04,122.0,Pafos,15
2019-09-05,106.0,Pafos,15
2019-09-06,56.0,Pafos,15
2019-09-07,97.0,Pafos,15
2019-09-08,79.0,Pafos,15
2019-09-09,99.0,Pafos,15
2019-09-10,85.0,Pafos,15
2019-09-11,127.0,Pafos,15
2019-09-12,95.0,Pafos,15
2019-09-13,63.0,Pafos,15
2019-09-14,105.0,Pafos,15
2019-09-15,74.0,Pafos,15
2019-09-16,75.0,Pafos,15
2019-09-17,70.0,Pafos,15
2019-09-18,97.0,Pafos,15
2019-09-19,92.0,Pafos,15
2019-09-20,58.0,Pafos,15
2019-09-21,101.0,Pafos,15
2019-09-22,79.0,Pafos,15
2019-09-23,89.0,Pafos,15
2019-09-24,66.0,Pafos,15
2019-09-25,121.0,Pafos,15
2019-09-26,100.0,Pafos,15
2019-09-27,67.0,Pafos,15
2019-09-28,107.0,Pafos,15
2019-09-29,81.0,Pafos,15
2019-09-30,86.0,Pafos,15
2019-10-01,64.0,Pafos,15
2019-10-02,116.0,Pafos,15
2019-10-03,86.0,Pafos,15
2019-10-04,57.0,Pafos,15
2019-10-05,98.0,Pafos,15
2019-10-06,74.0,Pafos,15
2019-10-07,86.0,Pafos,15
2019-10-08,83.0,Pafos,15
2019-10-09,105.0,Pafos,15
2019-10-10,85.0,Pafos,15
2019-10-11,80.0,Pafos,15
2019-10-12,96.0,Pafos,15
2019-10-13,83.0,Pafos,15
2019-10-14,83.0,Pafos,15
2019-10-15,78.0,Pafos,15
2019-10-16,121.0,Pafos,15
2019-10-17,92.0,Pafos,15
2019-10-18,73.0,Pafos,15
2019-10-19,86.0,Pafos,15
2019-10-20,82.0,Pafos,15
2019-10-21,86.0,Pafos,15
2019-10-22,90.0,Pafos,15
2019-10-23,114.0,Pafos,15
2019-10-24,65.0,Pafos,15
2019-10-25,57.0,Pafos,15
2019-10-26,104.0,Pafos,15
2019-10-27,73.0,Pafos,15
2019-10-28,46.0,Pafos,15
2019-10-29,79.0,Pafos,15
2019-10-30,115.0,Pafos,15
2019-10-31,98.0,Pafos,15
2019-11-01,49.0,Pafos,15
2019-11-02,93.0,Pafos,15
2019-11-03,53.0,Pafos,15
2019-11-04,56.0,Pafos,15
2019-11-05,59.0,Pafos,15
2019-11-06,140.0,Pafos,15
2019-11-07,39.0,Pafos,15
2019-11-08,54.0,Pafos,15
2019-11-09,85.0,Pafos,15
2019-11-10,49.0,Pafos,15
2019-11-11,47.0,Pafos,15
2019-11-12,54.0,Pafos,15
2019-11-13,148.0,Pafos,15
2019-11-14,75.0,Pafos,15
2019-11-15,37.0,Pafos,15
2019-11-16,66.0,Pafos,15
2019-11-17,53.0,Pafos,15
2019-11-18,42.0,Pafos,15
2019-11-19,34.0,Pafos,15
2019-11-20,88.0,Pafos,15
2019-11-21,48.0,Pafos,15
2019-11-22,40.0,Pafos,15
2019-11-23,68.0,Pafos,15
2019-11-24,53.0,Pafos,15
2019-11-25,211.0,Pafos,15
2019-11-26,72.0,Pafos,15
2019-11-27,90.0,Pafos,15
2019-11-28,86.0,Pafos,15
2019-11-29,29.0,Pafos,15
2019-11-30,47.0,Pafos,15
2019-12-01,30.0,Pafos,15
2019-12-02,49.0,Pafos,15
2019-12-03,24.0,Pafos,15
2019-12-04,83.0,Pafos,15
2019-12-05,73.0,Pafos,15
2019-12-06,25.0,Pafos,15
2019-12-07,56.0,Pafos,15
2019-12-08,33.0,Pafos,15
2019-12-09,34.0,Pafos,15
2019-12-10,38.0,Pafos,15
2019-12-11,75.0,Pafos,15
2019-12-12,35.0,Pafos,15
2019-12-13,29.0,Pafos,15
2019-12-14,49.0,Pafos,15
2019-12-15,33.0,Pafos,15
2019-12-16,45.0,Pafos,15
2019-12-17,48.0,Pafos,15
2019-12-18,70.0,Pafos,15
2019-12-19,67.0,Pafos,15
2019-12-20,45.0,Pafos,15
2019-12-21,58.0,Pafos,15
2019-12-22,36.0,Pafos,15
2019-12-23,48.0,Pafos,15
2019-12-24,22.0,Pafos,15
2019-12-25,28.0,Pafos,15
2019-12-26,29.0,Pafos,15
2019-12-27,33.0,Pafos,15
2019-12-28,53.0,Pafos,15
2019-12-29,36.0,Pafos,15
2019-12-30,31.0,Pafos,15
2019-12-31,32.0,Pafos,15
2020-01-01,55.0,Pafos,15
2020-01-02,36.0,Pafos,15
2020-01-03,31.0,Pafos,15
2020-01-04,57.0,Pafos,15
2020-01-05,44.0,Pafos,15
2020-01-06,30.0,Pafos,15
2020-01-07,33.0,Pafos,15
2020-01-08,76.0,Pafos,15
2020-01-09,82.0,Pafos,15
2020-01-10,62.0,Pafos,15
2020-01-11,49.0,Pafos,15
2020-01-12,40.0,Pafos,15
2020-01-13,84.0,Pafos,15
2020-01-14,58.0,Pafos,15
2020-01-15,107.0,Pafos,15
2020-01-16,58.0,Pafos,15
2020-01-17,58.0,Pafos,15
2020-01-18,56.0,Pafos,15
2020-01-19,43.0,Pafos,15
2020-01-20,54.0,Pafos,15
2020-01-21,64.0,Pafos,15
2020-01-22,94.0,Pafos,15
2020-01-23,73.0,Pafos,15
2020-01-24,65.0,Pafos,15
2020-01-25,54.0,Pafos,15
2020-01-26,36.0,Pafos,15
2020-01-27,80.0,Pafos,15
2020-01-28,52.0,Pafos,15
2020-01-29,104.0,Pafos,15
2020-01-30,55.0,Pafos,15
2020-01-31,65.0,Pafos,15
2020-02-01,63.0,Pafos,15
2020-02-02,45.0,Pafos,15
2020-02-03,76.0,Pafos,15
2020-02-04,72.0,Pafos,15
2020-02-05,80.0,Pafos,15
2020-02-06,75.0,Pafos,15
2020-02-07,51.0,Pafos,15
2020-02-08,76.0,Pafos,15
2020-02-09,48.0,Pafos,15
2020-02-10,115.0,Pafos,15
2020-02-11,76.0,Pafos,15
2020-02-12,61.0,Pafos,15
2020-02-13,85.0,Pafos,15
2020-02-14,57.0,Pafos,15
2020-02-15,66.0,Pafos,15
2020-02-16,61.0,Pafos,15
2020-02-17,77.0,Pafos,15
2020-02-18,80.0,Pafos,15
2020-02-19,80.0,Pafos,15
2020-02-20,61.0,Pafos,15
2020-02-21,41.0,Pafos,15
2020-02-22,63.0,Pafos,15
2020-02-23,49.0,Pafos,15
2020-02-24,68.0,Pafos,15
2020-02-25,59.0,Pafos,15
2020-02-26,103.0,Pafos,15
2020-02-27,50.0,Pafos,15
2020-02-28,46.0,Pafos,15
2020-02-29,88.0,Pafos,15
2020-03-01,68.0,Pafos,15
2020-03-02,24.0,Pafos,15
2020-03-03,55.0,Pafos,15
2020-03-04,88.0,Pafos,15
2020-03-05,65.0,Pafos,15
2020-03-06,36.0,Pafos,15
2020-03-07,70.0,Pafos,15
2020-03-08,48.0,Pafos,15
2020-03-09,30.0,Pafos,15
2020-03-10,50.0,Pafos,15
2020-03-11,81.0,Pafos,15
2020-03-12,46.0,Pafos,15
2020-03-13,29.0,Pafos,15
2020-03-14,66.0,Pafos,15
2020-03-15,46.0,Pafos,15
2020-03-16,40.0,Pafos,15
2020-03-17,26.0,Pafos,15
2020-03-18,54.0,Pafos,15
2020-03-19,33.0,Pafos,15
2020-03-20,14.0,Pafos,15
2020-03-21,26.0,Pafos,15
2020-03-22,3.0,Pafos,15
2020-03-23,6.0,Pafos,15
2020-03-24,8.0,Pafos,15
2020-03-25,6.0,Pafos,15
2020-03-26,14.0,Pafos,15
2020-03-27,4.0,Pafos,15
2020-03-28,0.0,Pafos,15
2020-03-29,2.0,Pafos,15
2020-03-30,11.0,Pafos,15
2020-03-31,10.0,Pafos,15
2020-04-01,2.0,Pafos,15
2020-04-02,22.0,Pafos,15
2020-04-03,4.0,Pafos,15
2020-04-04,2.0,Pafos,15
2020-04-05,2.0,Pafos,15
2020-04-06,14.0,Pafos,15
2020-04-07,36.0,Pafos,15
2020-04-08,9.0,Pafos,15
2020-04-09,10.0,Pafos,15
2020-04-10,0.0,Pafos,15
2020-04-11,0.0,Pafos,15
2020-04-12,0.0,Pafos,15
2020-04-13,8.0,Pafos,15
2020-04-14,15.0,Pafos,15
2020-04-15,14.0,Pafos,15
2020-04-16,4.0,Pafos,15
2020-04-17,1.0,Pafos,15
2020-04-18,1.0,Pafos,15
2020-04-19,0.0,Pafos,15
2020-04-20,1.0,Pafos,15
2020-04-21,11.0,Pafos,15
2020-04-22,13.0,Pafos,15
2020-04-23,16.0,Pafos,15
2020-04-24,0.0,Pafos,15
2020-04-25,1.0,Pafos,15
2020-04-26,1.0,Pafos,15
2020-04-27,12.0,Pafos,15
2020-04-28,22.0,Pafos,15
2020-04-29,14.0,Pafos,15
2020-04-30,14.0,Pafos,15
2020-05-01,2.0,Pafos,15
2020-05-02,3.0,Pafos,15
2020-05-03,2.0,Pafos,15
2020-05-04,14.0,Pafos,15
2020-05-05,14.0,Pafos,15
2020-05-06,28.0,Pafos,15
2020-05-07,22.0,Pafos,15
2020-05-08,8.0,Pafos,15
2020-05-09,2.0,Pafos,15
2020-05-10,1.0,Pafos,15
2020-05-11,22.0,Pafos,15
2020-05-12,24.0,Pafos,15
2020-05-13,26.0,Pafos,15
2020-05-14,36.0,Pafos,15
2020-05-15,7.0,Pafos,15
2020-05-16,1.0,Pafos,15
2020-05-17,2.0,Pafos,15
2020-05-18,22.0,Pafos,15
2020-05-19,31.0,Pafos,15
2020-05-20,23.0,Pafos,15
2020-05-21,39.0,Pafos,15
2020-05-22,10.0,Pafos,15
2020-05-23,0.0,Pafos,15
2020-05-24,7.0,Pafos,15
2020-05-25,23.0,Pafos,15
2020-05-26,13.0,Pafos,15
2020-05-27,34.0,Pafos,15
2020-05-28,25.0,Pafos,15
2020-05-29,12.0,Pafos,15
2020-05-30,9.0,Pafos,15
2020-05-31,1.0,Pafos,15
2020-06-01,35.0,Pafos,15
2020-06-02,27.0,Pafos,15
2020-06-03,28.0,Pafos,15
2020-06-04,32.0,Pafos,15
2020-06-05,31.0,Pafos,15
2020-06-06,16.0,Pafos,15
2020-06-07,4.0,Pafos,15
2020-06-08,10.0,Pafos,15
2020-06-09,36.0,Pafos,15
2020-06-10,33.0,Pafos,15
2020-06-11,38.0,Pafos,15
2020-06-12,17.0,Pafos,15
2020-06-13,21.0,Pafos,15
2020-06-14,42.0,Pafos,15
2020-06-15,48.0,Pafos,15
2020-06-16,40.0,Pafos,15
2020-06-17,35.0,Pafos,15
2020-06-18,23.0,Pafos,15
2020-06-19,33.0,Pafos,15
2020-06-20,20.0,Pafos,15
2020-06-21,10.0,Pafos,15
2020-06-22,62.0,Pafos,15
2020-06-23,51.0,Pafos,15
2020-06-24,39.0,Pafos,15
2020-06-25,18.0,Pafos,15
2020-06-26,30.0,Pafos,15
2020-06-27,8.0,Pafos,15
2020-06-28,3.0,Pafos,15
2020-06-29,34.0,Pafos,15
2020-06-30,39.0,Pafos,15
2020-07-01,30.0,Pafos,15
2020-07-02,38.0,Pafos,15
2020-07-03,36.0,Pafos,15
2020-07-04,24.0,Pafos,15
2020-07-05,28.0,Pafos,15
2020-07-06,52.0,Pafos,15
2020-07-07,45.0,Pafos,15
2020-07-08,48.0,Pafos,15
2020-07-09,58.0,Pafos,15
2020-07-10,19.0,Pafos,15
2020-07-11,33.0,Pafos,15
2020-07-12,28.0,Pafos,15
2020-07-13,31.0,Pafos,15
2020-07-14,51.0,Pafos,15
2020-07-15,32.0,Pafos,15
2020-07-16,67.0,Pafos,15
2020-07-17,15.0,Pafos,15
2020-07-18,37.0,Pafos,15
2020-07-19,25.0,Pafos,15
2020-07-20,33.0,Pafos,15
2020-07-21,40.0,Pafos,15
2020-07-22,43.0,Pafos,15
2020-07-23,81.0,Pafos,15
2020-07-24,27.0,Pafos,15
2020-07-25,48.0,Pafos,15
2020-07-26,37.0,Pafos,15
2020-07-27,116.0,Pafos,15
2020-07-28,49.0,Pafos,15
2020-07-29,46.0,Pafos,15
2020-07-30,42.0,Pafos,15
2020-07-31,20.0,Pafos,15
2020-08-01,72.0,Pafos,15
2020-08-02,39.0,Pafos,15
2020-08-03,42.0,Pafos,15
2020-08-04,43.0,Pafos,15
2020-08-05,52.0,Pafos,15
2020-08-06,59.0,Pafos,15
2020-08-07,38.0,Pafos,15
2020-08-08,224.0,Pafos,15
2020-08-09,55.0,Pafos,15
2020-08-10,39.0,Pafos,15
2020-08-11,81.0,Pafos,15
2020-08-12,70.0,Pafos,15
2020-08-13,60.0,Pafos,15
2020-08-14,41.0,Pafos,15
2020-08-15,45.0,Pafos,15
2020-08-16,39.0,Pafos,15
2020-08-17,46.0,Pafos,15
2020-08-18,39.0,Pafos,15
2020-08-19,65.0,Pafos,15
2020-08-20,51.0,Pafos,15
2020-08-21,27.0,Pafos,15
2020-08-22,73.0,Pafos,15
2020-08-23,65.0,Pafos,15
2020-08-24,49.0,Pafos,15
2020-08-25,56.0,Pafos,15
2020-08-26,78.0,Pafos,15
2020-08-27,47.0,Pafos,15
2020-08-28,48.0,Pafos,15
2020-08-29,58.0,Pafos,15
2020-08-30,46.0,Pafos,15
2020-08-31,70.0,Pafos,15
2020-09-01,49.0,Pafos,15
2020-09-02,58.0,Pafos,15
2020-09-03,36.0,Pafos,15
2020-09-04,37.0,Pafos,15
2020-09-05,83.0,Pafos,15
2020-09-06,50.0,Pafos,15
2020-09-07,40.0,Pafos,15
2020-09-08,56.0,Pafos,15
2020-09-09,77.0,Pafos,15
2020-09-10,43.0,Pafos,15
2020-09-11,46.0,Pafos,15
2020-09-12,68.0,Pafos,15
2020-09-13,69.0,Pafos,15
2020-09-14,55.0,Pafos,15
2020-09-15,62.0,Pafos,15
2020-09-16,98.0,Pafos,15
2020-09-17,60.0,Pafos,15
2020-09-18,42.0,Pafos,15
2020-09-19,71.0,Pafos,15
2020-09-20,51.0,Pafos,15
2020-09-21,56.0,Pafos,15
2020-09-22,45.0,Pafos,15
2020-09-23,83.0,Pafos,15
2020-09-24,46.0,Pafos,15
2020-09-25,22.0,Pafos,15
2020-09-26,67.0,Pafos,15
2020-09-27,52.0,Pafos,15
2020-09-28,38.0,Pafos,15
2020-09-29,49.0,Pafos,15
2020-09-30,73.0,Pafos,15
2020-10-01,54.0,Pafos,15
2020-10-02,31.0,Pafos,15
2020-10-03,95.0,Pafos,15
2020-10-04,48.0,Pafos,15
2020-10-05,60.0,Pafos,15
2020-10-06,42.0,Pafos,15
2020-10-07,88.0,Pafos,15
2020-10-08,84.0,Pafos,15
2020-10-09,40.0,Pafos,15
2020-10-10,79.0,Pafos,15
2020-10-11,43.0,Pafos,15
2020-10-12,33.0,Pafos,15
2020-10-13,28.0,Pafos,15
2020-10-14,75.0,Pafos,15
2020-10-15,57.0,Pafos,15
2020-10-16,40.0,Pafos,15
2020-10-17,85.0,Pafos,15
2020-10-18,68.0,Pafos,15
2020-10-19,41.0,Pafos,15
2020-10-20,38.0,Pafos,15
2020-10-21,69.0,Pafos,15
2020-10-22,45.0,Pafos,15
2020-10-23,31.0,Pafos,15
2020-10-24,76.0,Pafos,15
2020-10-25,47.0,Pafos,15
2020-10-26,37.0,Pafos,15
2020-10-27,35.0,Pafos,15
2020-10-28,80.0,Pafos,15
2020-10-29,52.0,Pafos,15
2020-10-30,41.0,Pafos,15
2020-10-31,71.0,Pafos,15
2020-11-01,36.0,Pafos,15
2020-11-02,39.0,Pafos,15
2020-11-03,43.0,Pafos,15
2020-11-04,47.0,Pafos,15
2020-11-05,23.0,Pafos,15
2020-11-06,27.0,Pafos,15
2020-11-07,40.0,Pafos,15
2020-11-08,46.0,Pafos,15
2020-11-09,26.0,Pafos,15
2020-11-10,25.0,Pafos,15
2020-11-11,30.0,Pafos,15
2020-11-12,46.0,Pafos,15
2020-11-13,19.0,Pafos,15
2020-11-14,21.0,Pafos,15
2020-11-15,15.0,Pafos,15
2020-11-16,23.0,Pafos,15
2020-11-17,20.0,Pafos,15
2020-11-18,25.0,Pafos,15
2020-11-19,33.0,Pafos,15
2020-11-20,5.0,Pafos,15
2020-11-21,13.0,Pafos,15
2020-11-22,7.0,Pafos,15
2020-11-23,18.0,Pafos,15
2020-11-24,19.0,Pafos,15
2020-11-25,25.0,Pafos,15
2020-11-26,31.0,Pafos,15
2020-11-27,3.0,Pafos,15
2020-11-28,20.0,Pafos,15
2020-11-29,8.0,Pafos,15
2020-11-30,1.0,Pafos,15
2020-12-01,39.0,Pafos,15
2020-12-02,43.0,Pafos,15
2020-12-03,46.0,Pafos,15
2020-12-04,6.0,Pafos,15
2020-12-05,15.0,Pafos,15
2020-12-06,18.0,Pafos,15
2020-12-07,32.0,Pafos,15
2020-12-08,29.0,Pafos,15
2020-12-09,43.0,Pafos,15
2020-12-10,48.0,Pafos,15
2020-12-11,9.0,Pafos,15
2020-12-12,19.0,Pafos,15
2020-12-13,8.0,Pafos,15
2020-12-14,5.0,Pafos,15
2020-12-15,40.0,Pafos,15
2020-12-16,23.0,Pafos,15
2020-12-17,51.0,Pafos,15
2020-12-18,34.0,Pafos,15
2020-12-19,37.0,Pafos,15
2020-12-20,29.0,Pafos,15
2020-12-21,26.0,Pafos,15
2020-12-22,53.0,Pafos,15
2020-12-23,12.0,Pafos,15
2020-12-24,5.0,Pafos,15
2020-12-25,3.0,Pafos,15
2020-12-26,27.0,Pafos,15
2020-12-27,7.0,Pafos,15
2020-12-28,17.0,Pafos,15
2020-12-29,24.0,Pafos,15
2020-12-30,31.0,Pafos,15
2020-12-31,10.0,Pafos,15
2021-01-01,5.0,Pafos,15
2021-01-02,27.0,Pafos,15
2021-01-03,11.0,Pafos,15
2021-01-04,17.0,Pafos,15
2021-01-05,38.0,Pafos,15
2021-01-06,16.0,Pafos,15
2021-01-07,47.0,Pafos,15
2021-01-08,22.0,Pafos,15
2021-01-09,13.0,Pafos,15
2021-01-10,7.0,Pafos,15
2021-01-11,36.0,Pafos,15
2021-01-12,26.0,Pafos,15
2021-01-13,29.0,Pafos,15
2021-01-14,16.0,Pafos,15
2021-01-15,8.0,Pafos,15
2021-01-16,18.0,Pafos,15
2021-01-17,3.0,Pafos,15
2021-01-18,26.0,Pafos,15
2021-01-19,26.0,Pafos,15
2021-01-20,31.0,Pafos,15
2021-01-21,60.0,Pafos,15
2021-01-22,28.0,Pafos,15
2021-01-23,15.0,Pafos,15
2021-01-24,8.0,Pafos,15
2021-01-25,29.0,Pafos,15
2021-01-26,31.0,Pafos,15
2021-01-27,32.0,Pafos,15
2021-01-28,26.0,Pafos,15
2021-01-29,4.0,Pafos,15
2021-01-30,9.0,Pafos,15
2021-01-31,2.0,Pafos,15
2021-02-01,25.0,Pafos,15
2021-02-02,64.0,Pafos,15
2021-02-03,18.0,Pafos,15
2021-02-04,31.0,Pafos,15
2021-02-05,15.0,Pafos,15
2021-02-06,14.0,Pafos,15
2021-02-07,1.0,Pafos,15
2021-02-08,38.0,Pafos,15
2021-02-09,41.0,Pafos,15
2021-02-10,34.0,Pafos,15
2021-02-11,40.0,Pafos,15
2021-02-12,17.0,Pafos,15
2021-02-13,18.0,Pafos,15
2021-02-14,4.0,Pafos,15
2021-02-15,43.0,Pafos,15
2021-02-16,8.0,Pafos,15
2021-02-17,18.0,Pafos,15
2021-02-18,26.0,Pafos,15
2021-02-19,13.0,Pafos,15
2021-02-20,6.0,Pafos,15
2021-02-21,26.0,Pafos,15
2021-02-22,25.0,Pafos,15
2021-02-23,34.0,Pafos,15
2021-02-24,40.0,Pafos,15
2021-02-25,55.0,Pafos,15
2021-02-26,19.0,Pafos,15
2021-02-27,24.0,Pafos,15
2021-02-28,7.0,Pafos,15
2021-03-01,25.0,Pafos,15
2021-03-02,20.0,Pafos,15
2021-03-03,11.0,Pafos,15
2021-03-04,33.0,Pafos,15
2021-03-05,9.0,Pafos,15
2021-03-06,16.0,Pafos,15
2021-03-07,7.0,Pafos,15
2021-03-08,35.0,Pafos,15
2021-03-09,17.0,Pafos,15
2021-03-10,42.0,Pafos,15
2021-03-11,36.0,Pafos,15
2021-03-12,11.0,Pafos,15
2021-03-13,14.0,Pafos,15
2021-03-14,6.0,Pafos,15
2021-03-15,9.0,Pafos,15
2021-03-16,28.0,Pafos,15
2021-03-17,18.0,Pafos,15
2021-03-18,35.0,Pafos,15
2021-03-19,27.0,Pafos,15
2021-03-20,13.0,Pafos,15
2021-03-21,10.0,Pafos,15
2021-03-22,21.0,Pafos,15
2021-03-23,10.0,Pafos,15
2021-03-24,11.0,Pafos,15
2021-03-25,36.0,Pafos,15
2021-03-26,15.0,Pafos,15
2021-03-27,9.0,Pafos,15
2021-03-28,13.0,Pafos,15
2021-03-29,38.0,Pafos,15
2021-03-30,49.0,Pafos,15
2021-03-31,51.0,Pafos,15
2021-04-01,32.0,Pafos,15
2021-04-02,10.0,Pafos,15
2021-04-03,27.0,Pafos,15
2021-04-04,13.0,Pafos,15
2021-04-05,38.0,Pafos,15
2021-04-06,28.0,Pafos,15
2021-04-07,34.0,Pafos,15
2021-04-08,29.0,Pafos,15
2021-04-09,12.0,Pafos,15
2021-04-10,10.0,Pafos,15
2021-04-11,10.0,Pafos,15
2021-04-12,33.0,Pafos,15
2021-04-13,23.0,Pafos,15
2021-04-14,24.0,Pafos,15
2021-04-15,46.0,Pafos,15
2021-04-16,19.0,Pafos,15
2021-04-17,20.0,Pafos,15
2021-04-18,20.0,Pafos,15
2021-04-19,35.0,Pafos,15
2021-04-20,18.0,Pafos,15
2021-04-21,42.0,Pafos,15
2021-04-22,28.0,Pafos,15
2021-04-23,19.0,Pafos,15
2021-04-24,33.0,Pafos,15
2021-04-25,27.0,Pafos,15
2021-04-26,23.0,Pafos,15
2021-04-27,26.0,Pafos,15
2021-04-28,37.0,Pafos,15
2021-04-29,24.0,Pafos,15
2021-04-30,25.0,Pafos,15
2021-05-01,28.0,Pafos,15
2021-05-02,25.0,Pafos,15
2021-05-03,19.0,Pafos,15
2021-05-04,30.0,Pafos,15
2021-05-05,51.0,Pafos,15
2021-05-06,45.0,Pafos,15
2021-05-07,25.0,Pafos,15
2021-05-08,28.0,Pafos,15
2021-05-09,31.0,Pafos,15
2021-05-10,55.0,Pafos,15
2021-05-11,39.0,Pafos,15
2021-05-12,48.0,Pafos,15
2021-05-13,67.0,Pafos,15
2021-05-14,24.0,Pafos,15
2021-05-15,51.0,Pafos,15
2021-05-16,24.0,Pafos,15
2021-05-17,42.0,Pafos,15
2021-05-18,46.0,Pafos,15
2021-05-19,52.0,Pafos,15
2021-05-20,69.0,Pafos,15
2021-05-21,26.0,Pafos,15
2021-05-22,32.0,Pafos,15
2021-05-23,27.0,Pafos,15
2021-05-24,37.0,Pafos,15
2021-05-25,48.0,Pafos,15
2021-05-26,60.0,Pafos,15
2021-05-27,92.0,Pafos,15
2021-05-28,36.0,Pafos,15
2021-05-29,50.0,Pafos,15
2021-05-30,30.0,Pafos,15
2021-05-31,47.0,Pafos,15
2021-06-01,59.0,Pafos,15
2021-06-02,53.0,Pafos,15
2021-06-03,84.0,Pafos,15
2021-06-04,39.0,Pafos,15
2021-06-05,48.0,Pafos,15
2021-06-06,46.0,Pafos,15
2021-06-07,47.0,Pafos,15
2021-06-08,50.0,Pafos,15
2021-06-09,44.0,Pafos,15
2021-06-10,65.0,Pafos,15
2021-06-11,61.0,Pafos,15
2021-06-12,62.0,Pafos,15
2021-06-13,39.0,Pafos,15
2021-06-14,48.0,Pafos,15
2021-06-15,83.0,Pafos,15
2021-06-16,60.0,Pafos,15
2021-06-17,81.0,Pafos,15
2021-06-18,35.0,Pafos,15
2021-06-19,58.0,Pafos,15
2021-06-20,46.0,Pafos,15
2021-06-21,32.0,Pafos,15
2021-06-22,78.0,Pafos,15
2021-06-23,37.0,Pafos,15
2021-06-24,89.0,Pafos,15
2021-06-25,42.0,Pafos,15
2021-06-26,140.0,Pafos,15
2021-06-27,47.0,Pafos,15
2021-06-28,76.0,Pafos,15
2021-06-29,90.0,Pafos,15
2021-06-30,89.0,Pafos,15
2021-07-01,115.0,Pafos,15
2021-07-02,92.0,Pafos,15
2021-07-03,86.0,Pafos,15
2021-07-04,68.0,Pafos,15
2021-07-05,56.0,Pafos,15
2021-07-06,65.0,Pafos,15
2021-07-07,61.0,Pafos,15
2021-07-08,87.0,Pafos,15
2021-07-09,64.0,Pafos,15
2021-07-10,79.0,Pafos,15
2021-07-11,57.0,Pafos,15
2021-07-12,107.0,Pafos,15
2021-07-13,161.0,Pafos,15
2021-07-14,80.0,Pafos,15
2021-07-15,96.0,Pafos,15
2021-07-16,57.0,Pafos,15
2021-07-17,78.0,Pafos,15
2021-07-18,58.0,Pafos,15
2021-07-19,87.0,Pafos,15
2021-07-20,89.0,Pafos,15
2021-07-21,67.0,Pafos,15
2021-07-22,121.0,Pafos,15
2021-07-23,59.0,Pafos,15
2021-07-24,90.0,Pafos,15
2021-07-25,78.0,Pafos,15
2021-07-26,74.0,Pafos,15
2021-07-27,73.0,Pafos,15
2021-07-28,93.0,Pafos,15
2021-07-29,95.0,Pafos,15
2021-07-30,64.0,Pafos,15
2021-07-31,80.0,Pafos,15
2021-08-01,68.0,Pafos,15
2021-08-02,81.0,Pafos,15
2021-08-03,80.0,Pafos,15
2021-08-04,96.0,Pafos,15
2021-08-05,87.0,Pafos,15
2021-08-06,66.0,Pafos,15
2021-08-07,83.0,Pafos,15
2021-08-08,67.0,Pafos,15
2021-08-09,84.0,Pafos,15
2021-08-10,91.0,Pafos,15
2021-08-11,112.0,Pafos,15
2021-08-12,109.0,Pafos,15
2021-08-13,67.0,Pafos,15
2021-08-14,87.0,Pafos,15
2021-08-15,75.0,Pafos,15
2021-08-16,89.0,Pafos,15
2021-08-17,69.0,Pafos,15
2021-08-18,107.0,Pafos,15
2021-08-19,93.0,Pafos,15
2021-08-20,64.0,Pafos,15
2021-08-21,101.0,Pafos,15
2021-08-22,77.0,Pafos,15
2021-08-23,85.0,Pafos,15
2021-08-24,69.0,Pafos,15
2021-08-25,96.0,Pafos,15
2021-08-26,89.0,Pafos,15
2021-08-27,54.0,Pafos,15
2021-08-28,92.0,Pafos,15
2021-08-29,76.0,Pafos,15
2021-08-30,81.0,Pafos,15
2021-08-31,72.0,Pafos,15
2021-09-01,107.0,Pafos,15
2021-09-02,99.0,Pafos,15
2021-09-03,62.0,Pafos,15
2021-09-04,110.0,Pafos,15
2021-09-05,81.0,Pafos,15
2021-09-06,86.0,Pafos,15
2021-09-07,72.0,Pafos,15
2021-09-08,109.0,Pafos,15
2021-09-09,87.0,Pafos,15
2021-09-10,66.0,Pafos,15
2021-09-11,95.0,Pafos,15
2021-09-12,71.0,Pafos,15
2021-09-13,95.0,Pafos,15
2021-09-14,70.0,Pafos,15
2021-09-15,110.0,Pafos,15
2021-09-16,75.0,Pafos,15
2021-09-17,79.0,Pafos,15
2021-09-18,94.0,Pafos,15
2021-09-19,160.0,Pafos,15
2021-09-20,78.0,Pafos,15
2021-09-21,52.0,Pafos,15
2021-09-22,103.0,Pafos,15
2021-09-23,99.0,Pafos,15
2021-09-24,77.0,Pafos,15
2021-09-25,87.0,Pafos,15
2021-09-26,75.0,Pafos,15
2021-09-27,61.0,Pafos,15
2021-09-28,72.0,Pafos,15
2021-09-29,103.0,Pafos,15
2021-09-30,85.0,Pafos,15
2021-10-01,69.0,Pafos,15
2021-10-02,108.0,Pafos,15
2021-10-03,80.0,Pafos,15
2021-10-04,98.0,Pafos,15
2021-10-05,72.0,Pafos,15
2021-10-06,115.0,Pafos,15
2021-10-07,113.0,Pafos,15
2021-10-08,84.0,Pafos,15
2021-10-09,110.0,Pafos,15
2021-10-10,80.0,Pafos,15
2021-10-11,87.0,Pafos,15
2021-10-12,86.0,Pafos,15
2021-10-13,132.0,Pafos,15
2021-10-14,91.0,Pafos,15
2021-10-15,82.0,Pafos,15
2021-10-16,119.0,Pafos,15
2021-10-17,79.0,Pafos,15
2021-10-18,81.0,Pafos,15
2021-10-19,63.0,Pafos,15
2021-10-20,131.0,Pafos,15
2021-10-21,102.0,Pafos,15
2021-10-22,85.0,Pafos,15
2021-10-23,111.0,Pafos,15
2021-10-24,97.0,Pafos,15
2021-10-25,98.0,Pafos,15
2021-10-26,91.0,Pafos,15
2021-10-27,132.0,Pafos,15
2021-10-28,72.0,Pafos,15
2021-10-29,85.0,Pafos,15
2021-10-30,135.0,Pafos,15
2021-10-31,103.0,Pafos,15
2021-11-01,108.0,Pafos,15
2021-11-02,63.0,Pafos,15
2021-11-03,124.0,Pafos,15
2021-11-04,70.0,Pafos,15
2021-11-05,74.0,Pafos,15
2021-11-06,105.0,Pafos,15
2021-11-07,80.0,Pafos,15
2021-11-08,87.0,Pafos,15
2021-11-09,72.0,Pafos,15
2021-11-10,91.0,Pafos,15
2021-11-11,64.0,Pafos,15
2021-11-12,73.0,Pafos,15
2021-11-13,83.0,Pafos,15
2021-11-14,122.0,Pafos,15
2021-11-15,57.0,Pafos,15
2021-11-16,57.0,Pafos,15
2021-11-17,68.0,Pafos,15
2021-11-18,77.0,Pafos,15
2021-11-19,68.0,Pafos,15
2021-11-20,82.0,Pafos,15
2021-11-21,59.0,Pafos,15
2021-11-22,57.0,Pafos,15
2021-11-23,67.0,Pafos,15
2021-11-24,56.0,Pafos,15
2021-11-25,70.0,Pafos,15
2021-11-26,56.0,Pafos,15
2021-11-27,79.0,Pafos,15
2021-11-28,59.0,Pafos,15
2021-11-29,62.0,Pafos,15
2021-11-30,75.0,Pafos,15
2021-12-01,63.0,Pafos,15
2021-12-02,61.0,Pafos,15
2021-12-03,50.0,Pafos,15
2021-12-04,62.0,Pafos,15
2021-12-05,45.0,Pafos,15
2021-12-06,66.0,Pafos,15
2021-12-07,63.0,Pafos,15
2021-12-08,40.0,Pafos,15
2021-12-09,66.0,Pafos,15
2021-12-10,54.0,Pafos,15
2021-12-11,55.0,Pafos,15
2021-12-12,50.0,Pafos,15
2021-12-13,70.0,Pafos,15
2021-12-14,53.0,Pafos,15
2021-12-15,62.0,Pafos,15
2021-12-16,71.0,Pafos,15
2021-12-17,58.0,Pafos,15
2021-12-18,61.0,Pafos,15
2021-12-19,45.0,Pafos,15
2021-12-20,59.0,Pafos,15
2021-12-21,68.0,Pafos,15
2021-12-22,67.0,Pafos,15
2021-12-23,44.0,Pafos,15
2021-12-24,38.0,Pafos,15
2021-12-25,5.0,Pafos,15
2021-12-26,43.0,Pafos,15
2021-12-27,44.0,Pafos,15
2021-12-28,70.0,Pafos,15
2021-12-29,66.0,Pafos,15
2021-12-30,47.0,Pafos,15
2021-12-31,42.0,Pafos,15
