DATE_FORMAT,DATE,INT ARRIVALS 04,INT ARRIVALS 22,INT ARRIVALS TTL,INT DEPARTURES 04,INT DEPARTURES 22,INT DEPARTURES TTL,LOCAL ARRIVALS 04,LOCAL ARRIVALS 22,LOCAL ARRIVALS TTL,LOCAL DEPARTURES 04,LOCAL DEPARTURES 22,LOCAL DEPARTURES TTL,TRANSITS FXD,TRANSITS HEL,TRANSITS TTL,HELI LND,HELI TO,HELI TTL,T/G,Grant Total,International Flights,Local Flights (Fixed/Heli),YEAR,MONTH
2018-01-01,1,0.0,41.0,41.0,0.0,42.0,42.0,0.0,0.0,0.0,0.0,0.0,0.0,0.0,0.0,0.0,0.0,0.0,0.0,0.0,83.0,83.0,0.0,2018,JAN
2018-01-02,2,0.0,49.0,49.0,0.0,49.0,49.0,0.0,13.0,13.0,0.0,13.0,13.0,1.0,1.0,2.0,1.0,1.0,2.0,35.0,163.0,98.0,28.0,2018,JAN
2018-01-03,3,0.0,63.0,63.0,0.0,61.0,61.0,0.0,6.0,6.0,0.0,6.0,6.0,0.0,2.0,2.0,3.0,3.0,6.0,11.0,155.0,124.0,18.0,2018,JAN
2018-01-04,4,0.0,57.0,57.0,1.0,54.0,55.0,0.0,9.0,9.0,0.0,9.0,9.0,1.0,0.0,1.0,3.0,3.0,6.0,5.0,142.0,112.0,24.0,2018,JAN
2018-01-05,5,47.0,10.0,57.0,46.0,12.0,58.0,8.0,0.0,8.0,8.0,0.0,8.0,0.0,1.0,1.0,2.0,2.0,4.0,12.0,148.0,115.0,20.0,2018,JAN
2018-01-06,6,50.0,6.0,56.0,52.0,4.0,56.0,0.0,4.0,4.0,0.0,4.0,4.0,0.0,0.0,0.0,0.0,0.0,0.0,4.0,124.0,112.0,8.0,2018,JAN
2018-01-07,7,39.0,29.0,68.0,45.0,18.0,63.0,6.0,0.0,6.0,6.0,0.0,6.0,0.0,0.0,0.0,1.0,1.0,2.0,8.0,153.0,131.0,14.0,2018,JAN
2018-01-08,8,0.0,55.0,55.0,0.0,56.0,56.0,0.0,14.0,14.0,0.0,14.0,14.0,0.0,0.0,0.0,3.0,3.0,6.0,21.0,166.0,111.0,34.0,2018,JAN
2018-01-09,9,0.0,50.0,50.0,0.0,52.0,52.0,0.0,16.0,16.0,0.0,17.0,17.0,1.0,2.0,3.0,4.0,4.0,8.0,20.0,166.0,102.0,41.0,2018,JAN
2018-01-10,10,0.0,55.0,55.0,0.0,51.0,51.0,0.0,15.0,15.0,0.0,15.0,15.0,0.0,3.0,3.0,2.0,2.0,4.0,22.0,165.0,106.0,34.0,2018,JAN
2018-01-11,11,6.0,48.0,54.0,10.0,44.0,54.0,0.0,9.0,9.0,0.0,9.0,9.0,0.0,2.0,2.0,3.0,3.0,6.0,9.0,143.0,108.0,24.0,2018,JAN
2018-01-12,12,0.0,55.0,55.0,1.0,57.0,58.0,0.0,10.0,10.0,0.0,10.0,10.0,1.0,0.0,1.0,5.0,5.0,10.0,10.0,154.0,113.0,30.0,2018,JAN
2018-01-13,13,1.0,46.0,47.0,0.0,45.0,45.0,0.0,17.0,17.0,0.0,17.0,17.0,2.0,0.0,2.0,0.0,0.0,0.0,18.0,146.0,92.0,34.0,2018,JAN
2018-01-14,14,2.0,57.0,59.0,3.0,56.0,59.0,0.0,1.0,1.0,0.0,1.0,1.0,2.0,0.0,2.0,1.0,1.0,2.0,0.0,124.0,118.0,4.0,2018,JAN
2018-01-15,15,27.0,28.0,55.0,35.0,19.0,54.0,10.0,6.0,16.0,12.0,4.0,16.0,0.0,2.0,2.0,4.0,3.0,7.0,37.0,187.0,109.0,39.0,2018,JAN
2018-01-16,16,0.0,44.0,44.0,0.0,47.0,47.0,0.0,15.0,15.0,0.0,15.0,15.0,2.0,3.0,5.0,7.0,7.0,14.0,29.0,169.0,91.0,44.0,2018,JAN
2018-01-17,17,0.0,47.0,47.0,1.0,46.0,47.0,0.0,9.0,9.0,0.0,9.0,9.0,1.0,2.0,3.0,5.0,5.0,10.0,9.0,134.0,94.0,28.0,2018,JAN
2018-01-18,18,1.0,48.0,49.0,0.0,48.0,48.0,0.0,0.0,0.0,0.0,0.0,0.0,1.0,1.0,2.0,0.0,1.0,1.0,0.0,100.0,97.0,1.0,2018,JAN
2018-01-19,19,17.0,40.0,57.0,15.0,42.0,57.0,0.0,4.0,4.0,0.0,4.0,4.0,0.0,0.0,0.0,2.0,2.0,4.0,1.0,127.0,114.0,12.0,2018,JAN
2018-01-20,20,0.0,46.0,46.0,1.0,44.0,45.0,0.0,21.0,21.0,0.0,21.0,21.0,4.0,0.0,4.0,1.0,1.0,2.0,32.0,171.0,91.0,44.0,2018,JAN
2018-01-21,21,26.0,31.0,57.0,24.0,36.0,60.0,0.0,2.0,2.0,0.0,2.0,2.0,2.0,0.0,2.0,0.0,0.0,0.0,4.0,127.0,117.0,4.0,2018,JAN
2018-01-22,22,2.0,52.0,54.0,1.0,52.0,53.0,0.0,0.0,0.0,0.0,0.0,0.0,2.0,1.0,3.0,0.0,0.0,0.0,0.0,110.0,107.0,0.0,2018,JAN
2018-01-23,23,21.0,21.0,42.0,21.0,22.0,43.0,4.0,8.0,12.0,4.0,8.0,12.0,3.0,3.0,6.0,2.0,2.0,4.0,8.0,127.0,85.0,28.0,2018,JAN
2018-01-24,24,10.0,33.0,43.0,13.0,35.0,48.0,0.0,5.0,5.0,0.0,5.0,5.0,0.0,2.0,2.0,3.0,3.0,6.0,6.0,115.0,91.0,16.0,2018,JAN
2018-01-25,25,24.0,25.0,49.0,23.0,26.0,49.0,1.0,0.0,1.0,1.0,0.0,1.0,0.0,1.0,1.0,4.0,4.0,8.0,3.0,112.0,98.0,10.0,2018,JAN
2018-01-26,26,3.0,56.0,59.0,2.0,51.0,53.0,0.0,11.0,11.0,0.0,11.0,11.0,0.0,5.0,5.0,3.0,3.0,6.0,9.0,154.0,112.0,28.0,2018,JAN
2018-01-27,27,14.0,25.0,39.0,19.0,25.0,44.0,1.0,17.0,18.0,1.0,17.0,18.0,1.0,0.0,1.0,2.0,2.0,4.0,5.0,129.0,83.0,40.0,2018,JAN
2018-01-28,28,6.0,50.0,56.0,3.0,51.0,54.0,0.0,2.0,2.0,0.0,2.0,2.0,0.0,0.0,0.0,0.0,0.0,0.0,0.0,114.0,110.0,4.0,2018,JAN
2018-01-29,29,20.0,38.0,58.0,23.0,35.0,58.0,9.0,6.0,15.0,9.0,6.0,15.0,0.0,2.0,2.0,2.0,2.0,4.0,19.0,171.0,116.0,34.0,2018,JAN
2018-01-30,30,1.0,44.0,45.0,1.0,43.0,44.0,0.0,17.0,17.0,0.0,17.0,17.0,1.0,3.0,4.0,2.0,2.0,4.0,4.0,135.0,89.0,38.0,2018,JAN
2018-01-31,31,0.0,53.0,53.0,1.0,46.0,47.0,0.0,15.0,15.0,0.0,15.0,15.0,1.0,0.0,1.0,3.0,3.0,6.0,18.0,155.0,100.0,36.0,2018,JAN
2018-02-01,1,48.0,1.0,49.0,45.0,4.0,49.0,12.0,0.0,12.0,11.0,0.0,11.0,0.0,0.0,0.0,2.0,2.0,4.0,21.0,146.0,98.0,27.0,2018,FEB
2018-02-02,2,43.0,16.0,59.0,52.0,8.0,60.0,0.0,10.0,10.0,0.0,10.0,10.0,0.0,0.0,0.0,2.0,2.0,4.0,20.0,163.0,119.0,24.0,2018,FEB
2018-02-03,3,0.0,46.0,46.0,0.0,47.0,47.0,0.0,13.0,13.0,0.0,13.0,13.0,0.0,0.0,0.0,3.0,3.0,6.0,22.0,147.0,93.0,32.0,2018,FEB
2018-02-04,4,0.0,60.0,60.0,1.0,57.0,58.0,0.0,2.0,2.0,0.0,2.0,2.0,0.0,0.0,0.0,1.0,1.0,2.0,0.0,124.0,118.0,6.0,2018,FEB
2018-02-05,5,0.0,56.0,56.0,0.0,55.0,55.0,0.0,7.0,7.0,0.0,7.0,7.0,0.0,3.0,3.0,3.0,3.0,6.0,17.0,151.0,111.0,20.0,2018,FEB
2018-02-06,6,40.0,9.0,49.0,40.0,10.0,50.0,13.0,2.0,15.0,13.0,2.0,15.0,0.0,0.0,0.0,2.0,2.0,4.0,21.0,154.0,99.0,34.0,2018,FEB
2018-02-07,7,47.0,0.0,47.0,49.0,0.0,49.0,17.0,0.0,17.0,12.0,0.0,12.0,0.0,3.0,3.0,3.0,3.0,6.0,19.0,153.0,96.0,35.0,2018,FEB
2018-02-08,8,52.0,0.0,52.0,52.0,0.0,52.0,10.0,0.0,10.0,10.0,0.0,10.0,0.0,4.0,4.0,4.0,4.0,8.0,23.0,159.0,104.0,28.0,2018,FEB
2018-02-09,9,4.0,54.0,58.0,9.0,52.0,61.0,0.0,13.0,13.0,0.0,14.0,14.0,1.0,1.0,2.0,3.0,3.0,6.0,19.0,173.0,119.0,33.0,2018,FEB
2018-02-10,10,40.0,8.0,48.0,39.0,10.0,49.0,9.0,3.0,12.0,9.0,3.0,12.0,0.0,0.0,0.0,0.0,0.0,0.0,30.0,151.0,97.0,24.0,2018,FEB
2018-02-11,11,4.0,56.0,60.0,7.0,54.0,61.0,1.0,6.0,7.0,1.0,6.0,7.0,3.0,0.0,3.0,0.0,0.0,0.0,11.0,149.0,121.0,14.0,2018,FEB
2018-02-12,12,0.0,63.0,63.0,0.0,59.0,59.0,0.0,14.0,14.0,0.0,14.0,14.0,0.0,2.0,2.0,0.0,0.0,0.0,18.0,170.0,122.0,28.0,2018,FEB
2018-02-13,13,0.0,46.0,46.0,0.0,48.0,48.0,0.0,13.0,13.0,0.0,13.0,13.0,0.0,2.0,2.0,1.0,2.0,3.0,19.0,144.0,94.0,29.0,2018,FEB
2018-02-14,14,0.0,53.0,53.0,0.0,53.0,53.0,0.0,11.0,11.0,0.0,11.0,11.0,0.0,2.0,2.0,2.0,2.0,4.0,16.0,150.0,106.0,26.0,2018,FEB
2018-02-15,15,49.0,5.0,54.0,46.0,10.0,56.0,17.0,1.0,18.0,16.0,1.0,17.0,1.0,4.0,5.0,2.0,2.0,4.0,19.0,173.0,110.0,39.0,2018,FEB
2018-02-16,16,55.0,0.0,55.0,54.0,0.0,54.0,8.0,0.0,8.0,8.0,0.0,8.0,0.0,3.0,3.0,2.0,2.0,4.0,15.0,147.0,109.0,20.0,2018,FEB
2018-02-17,17,17.0,36.0,53.0,20.0,30.0,50.0,0.0,1.0,1.0,0.0,1.0,1.0,0.0,0.0,0.0,0.0,0.0,0.0,5.0,110.0,103.0,2.0,2018,FEB
2018-02-18,18,21.0,39.0,60.0,25.0,36.0,61.0,2.0,1.0,3.0,2.0,1.0,3.0,0.0,0.0,0.0,0.0,0.0,0.0,7.0,134.0,121.0,6.0,2018,FEB
2018-02-19,19,0.0,63.0,63.0,0.0,60.0,60.0,0.0,0.0,0.0,0.0,0.0,0.0,0.0,0.0,0.0,0.0,0.0,0.0,0.0,123.0,123.0,0.0,2018,FEB
2018-02-20,20,0.0,49.0,49.0,1.0,51.0,52.0,0.0,11.0,11.0,0.0,11.0,11.0,2.0,3.0,5.0,2.0,2.0,4.0,18.0,150.0,101.0,26.0,2018,FEB
2018-02-21,21,4.0,52.0,56.0,5.0,51.0,56.0,0.0,16.0,16.0,0.0,16.0,16.0,0.0,3.0,3.0,2.0,2.0,4.0,26.0,177.0,112.0,36.0,2018,FEB
2018-02-22,22,0.0,57.0,57.0,0.0,58.0,58.0,0.0,7.0,7.0,0.0,7.0,7.0,3.0,3.0,6.0,3.0,3.0,6.0,11.0,152.0,115.0,20.0,2018,FEB
2018-02-23,23,26.0,33.0,59.0,21.0,39.0,60.0,8.0,1.0,9.0,7.0,2.0,9.0,0.0,4.0,4.0,1.0,1.0,2.0,1.0,144.0,119.0,20.0,2018,FEB
2018-02-24,24,0.0,50.0,50.0,0.0,52.0,52.0,0.0,12.0,12.0,0.0,12.0,12.0,1.0,0.0,1.0,2.0,2.0,4.0,15.0,146.0,102.0,28.0,2018,FEB
2018-02-25,25,2.0,58.0,60.0,4.0,57.0,61.0,0.0,1.0,1.0,0.0,1.0,1.0,0.0,1.0,1.0,1.0,1.0,2.0,3.0,129.0,121.0,4.0,2018,FEB
2018-02-26,26,0.0,62.0,62.0,0.0,63.0,63.0,0.0,2.0,2.0,0.0,2.0,2.0,3.0,3.0,6.0,4.0,4.0,8.0,0.0,143.0,125.0,12.0,2018,FEB
2018-02-27,27,0.0,57.0,57.0,2.0,52.0,54.0,0.0,3.0,3.0,0.0,3.0,3.0,2.0,3.0,5.0,0.0,0.0,0.0,0.0,122.0,111.0,6.0,2018,FEB
2018-02-28,28,0.0,55.0,55.0,0.0,52.0,52.0,0.0,6.0,6.0,0.0,6.0,6.0,0.0,0.0,0.0,2.0,2.0,4.0,0.0,123.0,107.0,16.0,2018,FEB
2018-03-01,1,0.0,54.0,54.0,0.0,55.0,55.0,0.0,13.0,13.0,0.0,13.0,13.0,1.0,4.0,5.0,1.0,1.0,2.0,19.0,161.0,109.0,28.0,2018,MAR
2018-03-02,2,0.0,62.0,62.0,0.0,59.0,59.0,0.0,20.0,20.0,0.0,20.0,20.0,0.0,2.0,2.0,1.0,1.0,2.0,26.0,191.0,121.0,42.0,2018,MAR
2018-03-03,3,0.0,54.0,54.0,0.0,59.0,59.0,0.0,21.0,21.0,0.0,21.0,21.0,1.0,0.0,1.0,1.0,1.0,2.0,10.0,168.0,113.0,44.0,2018,MAR
2018-03-04,4,10.0,51.0,61.0,7.0,54.0,61.0,0.0,3.0,3.0,0.0,3.0,3.0,0.0,0.0,0.0,0.0,0.0,0.0,0.0,128.0,122.0,6.0,2018,MAR
2018-03-05,5,0.0,69.0,69.0,0.0,56.0,56.0,0.0,2.0,2.0,0.0,2.0,2.0,0.0,2.0,2.0,2.0,2.0,4.0,1.0,136.0,125.0,8.0,2018,MAR
2018-03-06,6,16.0,46.0,62.0,10.0,53.0,63.0,5.0,8.0,13.0,5.0,8.0,13.0,1.0,4.0,5.0,2.0,2.0,4.0,9.0,169.0,125.0,30.0,2018,MAR
2018-03-07,7,0.0,54.0,54.0,1.0,54.0,55.0,0.0,14.0,14.0,0.0,14.0,14.0,1.0,3.0,4.0,1.0,1.0,2.0,6.0,149.0,109.0,30.0,2018,MAR
2018-03-08,8,32.0,26.0,58.0,29.0,28.0,57.0,7.0,2.0,9.0,7.0,3.0,10.0,2.0,4.0,6.0,1.0,1.0,2.0,6.0,148.0,115.0,21.0,2018,MAR
2018-03-09,9,0.0,69.0,69.0,0.0,61.0,61.0,0.0,13.0,13.0,0.0,13.0,13.0,2.0,0.0,2.0,1.0,1.0,2.0,12.0,172.0,130.0,28.0,2018,MAR
2018-03-10,10,6.0,50.0,56.0,0.0,57.0,57.0,7.0,0.0,7.0,0.0,7.0,7.0,4.0,0.0,4.0,2.0,2.0,4.0,14.0,149.0,113.0,18.0,2018,MAR
2018-03-11,11,0.0,64.0,64.0,0.0,62.0,62.0,0.0,3.0,3.0,0.0,3.0,3.0,0.0,0.0,0.0,2.0,2.0,4.0,0.0,136.0,126.0,10.0,2018,MAR
2018-03-12,12,0.0,70.0,70.0,0.0,70.0,70.0,0.0,10.0,10.0,0.0,10.0,10.0,1.0,0.0,1.0,0.0,0.0,0.0,10.0,171.0,140.0,20.0,2018,MAR
2018-03-13,13,0.0,51.0,51.0,0.0,54.0,54.0,0.0,12.0,12.0,0.0,12.0,12.0,4.0,3.0,7.0,2.0,2.0,4.0,12.0,152.0,105.0,28.0,2018,MAR
2018-03-14,14,0.0,53.0,53.0,0.0,52.0,52.0,0.0,11.0,11.0,0.0,11.0,11.0,2.0,2.0,4.0,2.0,2.0,4.0,14.0,149.0,105.0,26.0,2018,MAR
2018-03-15,15,0.0,56.0,56.0,1.0,61.0,62.0,0.0,10.0,10.0,0.0,10.0,10.0,2.0,1.0,3.0,2.0,2.0,4.0,17.0,162.0,118.0,24.0,2018,MAR
2018-03-16,16,0.0,62.0,62.0,0.0,59.0,59.0,0.0,10.0,10.0,0.0,10.0,10.0,2.0,2.0,4.0,1.0,1.0,2.0,6.0,153.0,121.0,22.0,2018,MAR
2018-03-17,17,0.0,58.0,58.0,1.0,56.0,57.0,0.0,12.0,12.0,0.0,12.0,12.0,3.0,0.0,3.0,1.0,1.0,2.0,7.0,151.0,115.0,26.0,2018,MAR
2018-03-18,18,54.0,6.0,60.0,56.0,6.0,62.0,1.0,0.0,1.0,1.0,0.0,1.0,0.0,0.0,0.0,2.0,2.0,4.0,0.0,128.0,122.0,6.0,2018,MAR
2018-03-19,19,41.0,21.0,62.0,40.0,22.0,62.0,9.0,0.0,9.0,9.0,0.0,9.0,3.0,1.0,4.0,1.0,1.0,2.0,5.0,153.0,124.0,20.0,2018,MAR
2018-03-20,20,0.0,58.0,58.0,1.0,51.0,52.0,0.0,11.0,11.0,0.0,11.0,11.0,2.0,1.0,3.0,0.0,0.0,0.0,23.0,158.0,110.0,22.0,2018,MAR
2018-03-21,21,7.0,57.0,64.0,12.0,54.0,66.0,3.0,13.0,16.0,3.0,13.0,16.0,1.0,4.0,5.0,2.0,2.0,4.0,20.0,191.0,130.0,36.0,2018,MAR
2018-03-22,22,58.0,4.0,62.0,59.0,7.0,66.0,7.0,0.0,7.0,7.0,0.0,7.0,4.0,2.0,6.0,1.0,1.0,2.0,11.0,161.0,128.0,16.0,2018,MAR
2018-03-23,23,19.0,49.0,68.0,20.0,50.0,70.0,8.0,7.0,15.0,8.0,7.0,15.0,3.0,2.0,5.0,0.0,0.0,0.0,30.0,203.0,138.0,30.0,2018,MAR
2018-03-24,24,0.0,71.0,71.0,0.0,64.0,64.0,0.0,6.0,6.0,0.0,6.0,6.0,1.0,0.0,1.0,1.0,1.0,2.0,20.0,170.0,135.0,14.0,2018,MAR
2018-03-25,25,0.0,74.0,74.0,2.0,77.0,79.0,0.0,2.0,2.0,0.0,2.0,2.0,0.0,0.0,0.0,1.0,1.0,2.0,3.0,162.0,153.0,6.0,2018,MAR
2018-03-26,26,17.0,57.0,74.0,55.0,16.0,71.0,1.0,0.0,1.0,1.0,0.0,1.0,3.0,0.0,3.0,0.0,0.0,0.0,1.0,151.0,145.0,2.0,2018,MAR
2018-03-27,27,30.0,57.0,87.0,27.0,55.0,82.0,8.0,4.0,12.0,8.0,4.0,12.0,3.0,3.0,6.0,0.0,0.0,0.0,14.0,213.0,169.0,24.0,2018,MAR
2018-03-28,28,77.0,0.0,77.0,73.0,1.0,74.0,3.0,0.0,3.0,3.0,0.0,3.0,4.0,1.0,5.0,0.0,0.0,0.0,6.0,168.0,151.0,6.0,2018,MAR
2018-03-29,29,0.0,85.0,85.0,2.0,83.0,85.0,0.0,5.0,5.0,0.0,5.0,5.0,1.0,4.0,5.0,0.0,0.0,0.0,7.0,192.0,170.0,10.0,2018,MAR
2018-03-30,30,0.0,92.0,92.0,0.0,96.0,96.0,0.0,14.0,14.0,0.0,14.0,14.0,2.0,0.0,2.0,0.0,0.0,0.0,22.0,240.0,188.0,28.0,2018,MAR
2018-03-31,31,6.0,82.0,88.0,6.0,81.0,87.0,4.0,15.0,19.0,4.0,15.0,19.0,5.0,1.0,6.0,0.0,0.0,0.0,13.0,232.0,175.0,38.0,2018,MAR
2018-04-01,1,0.0,98.0,98.0,0.0,98.0,98.0,0.0,0.0,0.0,0.0,0.0,0.0,3.0,1.0,4.0,0.0,0.0,0.0,0.0,200.0,196.0,0.0,2018,APR
2018-04-02,2,0.0,82.0,82.0,0.0,83.0,83.0,0.0,12.0,12.0,0.0,12.0,12.0,3.0,2.0,5.0,2.0,2.0,4.0,18.0,216.0,165.0,28.0,2018,APR
2018-04-03,3,82.0,4.0,86.0,79.0,10.0,89.0,13.0,0.0,13.0,13.0,0.0,13.0,5.0,5.0,10.0,1.0,1.0,2.0,10.0,223.0,175.0,28.0,2018,APR
2018-04-04,4,90.0,1.0,91.0,85.0,0.0,85.0,7.0,0.0,7.0,7.0,0.0,7.0,1.0,0.0,1.0,1.0,1.0,2.0,4.0,197.0,176.0,16.0,2018,APR
2018-04-05,5,41.0,40.0,81.0,39.0,45.0,84.0,5.0,2.0,7.0,5.0,2.0,7.0,0.0,1.0,1.0,1.0,1.0,2.0,4.0,186.0,165.0,16.0,2018,APR
2018-04-06,6,86.0,0.0,86.0,0.0,85.0,85.0,0.0,7.0,7.0,0.0,7.0,7.0,5.0,0.0,5.0,0.0,0.0,0.0,5.0,195.0,171.0,14.0,2018,APR
2018-04-07,7,0.0,93.0,93.0,0.0,91.0,91.0,0.0,3.0,3.0,0.0,4.0,4.0,4.0,0.0,4.0,0.0,0.0,0.0,0.0,195.0,184.0,7.0,2018,APR
2018-04-08,8,0.0,84.0,84.0,0.0,82.0,82.0,0.0,0.0,0.0,0.0,0.0,0.0,1.0,0.0,1.0,1.0,1.0,2.0,0.0,169.0,166.0,2.0,2018,APR
2018-04-09,9,0.0,80.0,80.0,0.0,76.0,76.0,0.0,0.0,0.0,0.0,0.0,0.0,2.0,0.0,2.0,1.0,1.0,2.0,0.0,160.0,156.0,2.0,2018,APR
2018-04-10,10,0.0,82.0,82.0,0.0,85.0,85.0,0.0,6.0,6.0,0.0,6.0,6.0,2.0,1.0,3.0,2.0,2.0,4.0,12.0,198.0,167.0,16.0,2018,APR
2018-04-11,11,1.0,89.0,90.0,1.0,83.0,84.0,0.0,8.0,8.0,0.0,8.0,8.0,3.0,4.0,7.0,2.0,2.0,4.0,7.0,208.0,174.0,20.0,2018,APR
2018-04-12,12,0.0,72.0,72.0,0.0,72.0,72.0,0.0,14.0,14.0,0.0,14.0,14.0,3.0,8.0,11.0,1.0,1.0,2.0,20.0,205.0,144.0,30.0,2018,APR
2018-04-13,13,5.0,73.0,78.0,4.0,78.0,82.0,0.0,16.0,16.0,0.0,16.0,16.0,2.0,2.0,4.0,1.0,1.0,2.0,31.0,229.0,160.0,34.0,2018,APR
2018-04-14,14,0.0,84.0,84.0,0.0,80.0,80.0,0.0,17.0,17.0,0.0,17.0,17.0,6.0,2.0,8.0,0.0,2.0,2.0,22.0,230.0,164.0,36.0,2018,APR
2018-04-15,15,48.0,45.0,93.0,51.0,39.0,90.0,1.0,0.0,1.0,1.0,0.0,1.0,2.0,0.0,2.0,1.0,1.0,2.0,0.0,189.0,183.0,4.0,2018,APR
2018-04-16,16,58.0,24.0,82.0,67.0,19.0,86.0,6.0,0.0,6.0,6.0,0.0,6.0,4.0,2.0,6.0,1.0,1.0,2.0,4.0,192.0,168.0,14.0,2018,APR
2018-04-17,17,0.0,80.0,80.0,0.0,79.0,79.0,0.0,18.0,18.0,0.0,18.0,18.0,6.0,5.0,11.0,1.0,1.0,2.0,29.0,237.0,159.0,38.0,2018,APR
2018-04-18,18,5.0,81.0,86.0,20.0,65.0,85.0,0.0,13.0,13.0,0.0,13.0,13.0,4.0,2.0,6.0,1.0,1.0,2.0,13.0,218.0,171.0,28.0,2018,APR
2018-04-19,19,0.0,79.0,79.0,0.0,71.0,71.0,0.0,10.0,10.0,0.0,10.0,10.0,3.0,0.0,3.0,3.0,3.0,6.0,9.0,188.0,150.0,26.0,2018,APR
2018-04-20,20,1.0,79.0,80.0,3.0,75.0,78.0,0.0,8.0,8.0,0.0,8.0,8.0,3.0,0.0,3.0,3.0,3.0,6.0,2.0,185.0,158.0,22.0,2018,APR
2018-04-21,21,82.0,2.0,84.0,85.0,0.0,85.0,15.0,0.0,15.0,16.0,0.0,16.0,1.0,0.0,1.0,2.0,2.0,4.0,14.0,219.0,169.0,35.0,2018,APR
2018-04-22,22,41.0,46.0,87.0,35.0,51.0,86.0,1.0,0.0,1.0,1.0,0.0,1.0,5.0,0.0,5.0,0.0,0.0,0.0,0.0,180.0,173.0,2.0,2018,APR
2018-04-23,23,2.0,90.0,92.0,3.0,87.0,90.0,1.0,0.0,1.0,1.0,0.0,1.0,2.0,1.0,3.0,1.0,1.0,2.0,3.0,192.0,182.0,4.0,2018,APR
2018-04-24,24,80.0,1.0,81.0,0.0,80.0,80.0,0.0,4.0,4.0,0.0,11.0,11.0,2.0,6.0,8.0,0.0,0.0,0.0,13.0,197.0,161.0,15.0,2018,APR
2018-04-25,25,58.0,30.0,88.0,54.0,32.0,86.0,12.0,0.0,12.0,12.0,0.0,12.0,5.0,3.0,8.0,1.0,1.0,2.0,20.0,228.0,174.0,26.0,2018,APR
2018-04-26,26,51.0,28.0,79.0,46.0,33.0,79.0,5.0,2.0,7.0,5.0,2.0,7.0,2.0,2.0,4.0,2.0,2.0,4.0,20.0,200.0,158.0,18.0,2018,APR
2018-04-27,27,9.0,90.0,99.0,5.0,93.0,98.0,0.0,10.0,10.0,0.0,10.0,10.0,4.0,0.0,4.0,1.0,1.0,2.0,10.0,233.0,197.0,22.0,2018,APR
2018-04-28,28,1.0,104.0,105.0,1.0,98.0,99.0,0.0,7.0,7.0,0.0,7.0,7.0,6.0,0.0,6.0,1.0,1.0,2.0,1.0,227.0,204.0,16.0,2018,APR
2018-04-29,29,0.0,102.0,102.0,0.0,104.0,104.0,0.0,2.0,2.0,0.0,2.0,2.0,1.0,0.0,1.0,0.0,0.0,0.0,0.0,211.0,206.0,4.0,2018,APR
2018-04-30,30,84.0,7.0,91.0,80.0,11.0,91.0,9.0,0.0,9.0,9.0,0.0,9.0,2.0,1.0,3.0,2.0,2.0,4.0,9.0,216.0,182.0,22.0,2018,APR
2018-05-01,1,94.0,0.0,94.0,94.0,0.0,94.0,7.0,0.0,7.0,7.0,0.0,7.0,2.0,0.0,2.0,0.0,0.0,0.0,10.0,214.0,188.0,14.0,2018,MAY
2018-05-02,2,105.0,11.0,116.0,100.0,9.0,109.0,6.0,0.0,6.0,6.0,0.0,6.0,0.0,2.0,2.0,1.0,1.0,2.0,2.0,243.0,225.0,14.0,2018,MAY
2018-05-03,3,95.0,0.0,95.0,95.0,0.0,95.0,14.0,0.0,14.0,14.0,0.0,14.0,1.0,2.0,3.0,1.0,1.0,2.0,14.0,237.0,190.0,30.0,2018,MAY
2018-05-04,4,90.0,8.0,98.0,93.0,13.0,106.0,15.0,0.0,15.0,15.0,0.0,15.0,3.0,2.0,5.0,1.0,1.0,2.0,23.0,264.0,204.0,32.0,2018,MAY
2018-05-05,5,0.0,109.0,109.0,0.0,109.0,109.0,0.0,12.0,12.0,0.0,12.0,12.0,2.0,0.0,2.0,1.0,1.0,2.0,13.0,259.0,218.0,26.0,2018,MAY
2018-05-06,6,0.0,115.0,115.0,0.0,112.0,112.0,0.0,2.0,2.0,0.0,2.0,2.0,4.0,0.0,4.0,2.0,2.0,4.0,2.0,241.0,227.0,8.0,2018,MAY
2018-05-07,7,1.0,94.0,95.0,2.0,86.0,88.0,0.0,4.0,4.0,0.0,4.0,4.0,2.0,2.0,4.0,2.0,2.0,4.0,11.0,210.0,183.0,12.0,2018,MAY
2018-05-08,8,18.0,70.0,88.0,18.0,76.0,94.0,3.0,3.0,6.0,3.0,4.0,7.0,2.0,9.0,11.0,4.0,4.0,8.0,10.0,224.0,182.0,21.0,2018,MAY
2018-05-09,9,0.0,118.0,118.0,0.0,108.0,108.0,0.0,15.0,15.0,0.0,15.0,15.0,2.0,1.0,3.0,1.0,1.0,2.0,14.0,275.0,226.0,32.0,2018,MAY
2018-05-10,10,40.0,52.0,92.0,41.0,51.0,92.0,2.0,8.0,10.0,2.0,8.0,10.0,4.0,3.0,7.0,1.0,1.0,2.0,23.0,236.0,184.0,22.0,2018,MAY
2018-05-11,11,0.0,100.0,100.0,0.0,102.0,102.0,0.0,6.0,6.0,0.0,6.0,6.0,0.0,3.0,3.0,2.0,2.0,4.0,1.0,222.0,202.0,16.0,2018,MAY
2018-05-12,12,0.0,108.0,108.0,0.0,103.0,103.0,0.0,6.0,6.0,0.0,6.0,6.0,1.0,0.0,1.0,0.0,0.0,0.0,3.0,227.0,211.0,12.0,2018,MAY
2018-05-13,13,0.0,108.0,108.0,0.0,109.0,109.0,0.0,1.0,1.0,0.0,1.0,1.0,3.0,0.0,3.0,0.0,0.0,0.0,0.0,222.0,217.0,2.0,2018,MAY
2018-05-14,14,0.0,96.0,96.0,0.0,90.0,90.0,0.0,11.0,11.0,0.0,11.0,11.0,3.0,2.0,5.0,2.0,2.0,4.0,6.0,223.0,186.0,26.0,2018,MAY
2018-05-15,15,0.0,81.0,81.0,1.0,82.0,83.0,0.0,14.0,14.0,0.0,14.0,14.0,1.0,4.0,5.0,0.0,0.0,0.0,10.0,207.0,164.0,28.0,2018,MAY
2018-05-16,16,8.0,92.0,100.0,14.0,89.0,103.0,2.0,17.0,19.0,2.0,17.0,19.0,4.0,3.0,7.0,0.0,0.0,0.0,10.0,258.0,203.0,38.0,2018,MAY
2018-05-17,17,66.0,36.0,102.0,67.0,35.0,102.0,7.0,13.0,20.0,7.0,12.0,19.0,2.0,4.0,6.0,2.0,2.0,4.0,18.0,271.0,204.0,43.0,2018,MAY
2018-05-18,18,103.0,0.0,103.0,103.0,0.0,103.0,18.0,0.0,18.0,17.0,0.0,17.0,2.0,2.0,4.0,2.0,1.0,3.0,22.0,270.0,206.0,38.0,2018,MAY
2018-05-19,19,28.0,75.0,103.0,35.0,66.0,101.0,9.0,6.0,15.0,9.0,6.0,15.0,1.0,0.0,1.0,1.0,1.0,2.0,7.0,244.0,204.0,32.0,2018,MAY
2018-05-20,20,32.0,80.0,112.0,31.0,84.0,115.0,0.0,3.0,3.0,0.0,3.0,3.0,0.0,1.0,1.0,0.0,0.0,0.0,0.0,234.0,227.0,6.0,2018,MAY
2018-05-21,21,27.0,77.0,104.0,80.0,20.0,100.0,0.0,11.0,11.0,0.0,11.0,11.0,1.0,4.0,5.0,1.0,1.0,2.0,4.0,237.0,204.0,24.0,2018,MAY
2018-05-22,22,14.0,70.0,84.0,15.0,70.0,85.0,9.0,11.0,20.0,9.0,11.0,20.0,1.0,0.0,1.0,2.0,2.0,4.0,29.0,243.0,169.0,44.0,2018,MAY
2018-05-23,23,16.0,95.0,111.0,16.0,98.0,114.0,3.0,13.0,16.0,3.0,13.0,16.0,1.0,3.0,4.0,0.0,0.0,0.0,10.0,271.0,225.0,32.0,2018,MAY
2018-05-24,24,0.0,102.0,102.0,0.0,95.0,95.0,0.0,16.0,16.0,0.0,16.0,16.0,1.0,3.0,4.0,1.0,1.0,2.0,11.0,246.0,197.0,34.0,2018,MAY
2018-05-25,25,0.0,115.0,115.0,0.0,120.0,120.0,0.0,13.0,13.0,0.0,13.0,13.0,1.0,3.0,4.0,2.0,2.0,4.0,16.0,285.0,235.0,30.0,2018,MAY
2018-05-26,26,2.0,109.0,111.0,4.0,105.0,109.0,0.0,13.0,13.0,0.0,13.0,13.0,1.0,0.0,1.0,0.0,0.0,0.0,17.0,264.0,220.0,26.0,2018,MAY
2018-05-27,27,18.0,94.0,112.0,20.0,96.0,116.0,0.0,5.0,5.0,2.0,3.0,5.0,1.0,0.0,1.0,0.0,0.0,0.0,7.0,246.0,228.0,10.0,2018,MAY
2018-05-28,28,0.0,116.0,116.0,0.0,106.0,106.0,0.0,3.0,3.0,0.0,3.0,3.0,4.0,0.0,4.0,0.0,0.0,0.0,4.0,236.0,222.0,6.0,2018,MAY
2018-05-29,29,0.0,100.0,100.0,0.0,91.0,91.0,0.0,11.0,11.0,0.0,11.0,11.0,3.0,2.0,5.0,1.0,1.0,2.0,9.0,229.0,191.0,24.0,2018,MAY
2018-05-30,30,0.0,116.0,116.0,1.0,113.0,114.0,0.0,13.0,13.0,0.0,13.0,13.0,7.0,1.0,8.0,2.0,2.0,4.0,11.0,279.0,230.0,30.0,2018,MAY
2018-05-31,31,0.0,100.0,100.0,0.0,97.0,97.0,0.0,7.0,7.0,0.0,7.0,7.0,4.0,1.0,5.0,3.0,3.0,6.0,5.0,227.0,197.0,20.0,2018,MAY
2018-06-01,1,0.0,117.0,117.0,0.0,122.0,122.0,0.0,4.0,4.0,0.0,4.0,4.0,1.0,1.0,2.0,1.0,1.0,2.0,5.0,256.0,239.0,10.0,2018,JUN
2018-06-02,2,0.0,116.0,116.0,0.0,109.0,109.0,0.0,9.0,9.0,0.0,9.0,9.0,3.0,0.0,3.0,0.0,0.0,0.0,13.0,259.0,225.0,18.0,2018,JUN
2018-06-03,3,1.0,113.0,114.0,1.0,119.0,120.0,0.0,1.0,1.0,0.0,1.0,1.0,5.0,0.0,5.0,0.0,0.0,0.0,0.0,241.0,234.0,2.0,2018,JUN
2018-06-04,4,15.0,95.0,110.0,5.0,100.0,105.0,0.0,10.0,10.0,0.0,10.0,10.0,1.0,2.0,3.0,0.0,0.0,0.0,6.0,244.0,215.0,20.0,2018,JUN
2018-06-05,5,10.0,85.0,95.0,10.0,88.0,98.0,0.0,14.0,14.0,0.0,14.0,14.0,1.0,4.0,5.0,2.0,2.0,4.0,10.0,240.0,193.0,32.0,2018,JUN
2018-06-06,6,34.0,78.0,112.0,42.0,70.0,112.0,4.0,5.0,9.0,3.0,6.0,9.0,4.0,4.0,8.0,2.0,2.0,4.0,10.0,264.0,224.0,22.0,2018,JUN
2018-06-07,7,0.0,102.0,102.0,0.0,99.0,99.0,0.0,6.0,6.0,0.0,6.0,6.0,2.0,3.0,5.0,0.0,0.0,0.0,5.0,223.0,201.0,12.0,2018,JUN
2018-06-08,8,0.0,116.0,116.0,0.0,114.0,114.0,0.0,15.0,15.0,0.0,15.0,15.0,1.0,2.0,3.0,1.0,1.0,2.0,18.0,283.0,230.0,32.0,2018,JUN
2018-06-09,9,0.0,120.0,120.0,0.0,122.0,122.0,0.0,12.0,12.0,0.0,12.0,12.0,1.0,0.0,1.0,1.0,0.0,1.0,6.0,274.0,242.0,25.0,2018,JUN
2018-06-10,10,0.0,125.0,125.0,1.0,124.0,125.0,0.0,3.0,3.0,0.0,3.0,3.0,3.0,0.0,3.0,0.0,0.0,0.0,0.0,259.0,250.0,6.0,2018,JUN
2018-06-11,11,0.0,118.0,118.0,0.0,116.0,116.0,0.0,8.0,8.0,0.0,8.0,8.0,2.0,4.0,6.0,1.0,1.0,2.0,6.0,264.0,234.0,18.0,2018,JUN
2018-06-12,12,0.0,97.0,97.0,1.0,100.0,101.0,0.0,17.0,17.0,0.0,17.0,17.0,1.0,2.0,3.0,1.0,1.0,2.0,22.0,259.0,198.0,36.0,2018,JUN
2018-06-13,13,0.0,117.0,117.0,0.0,118.0,118.0,12.0,0.0,12.0,0.0,12.0,12.0,3.0,1.0,4.0,0.0,0.0,0.0,5.0,268.0,235.0,24.0,2018,JUN
2018-06-14,14,0.0,113.0,113.0,2.0,105.0,107.0,0.0,7.0,7.0,0.0,7.0,7.0,1.0,1.0,2.0,1.0,1.0,2.0,8.0,246.0,220.0,16.0,2018,JUN
2018-06-15,15,0.0,122.0,122.0,0.0,123.0,123.0,0.0,14.0,14.0,0.0,13.0,13.0,3.0,0.0,3.0,1.0,1.0,2.0,9.0,286.0,245.0,29.0,2018,JUN
2018-06-16,16,0.0,120.0,120.0,1.0,120.0,121.0,0.0,6.0,6.0,0.0,7.0,7.0,2.0,0.0,2.0,2.0,2.0,4.0,0.0,260.0,241.0,17.0,2018,JUN
2018-06-17,17,0.0,130.0,130.0,0.0,132.0,132.0,0.0,0.0,0.0,0.0,0.0,0.0,2.0,2.0,4.0,4.0,4.0,8.0,0.0,274.0,262.0,8.0,2018,JUN
2018-06-18,18,4.0,114.0,118.0,7.0,113.0,120.0,0.0,5.0,5.0,0.0,5.0,5.0,2.0,1.0,3.0,3.0,3.0,6.0,5.0,262.0,238.0,16.0,2018,JUN
2018-06-19,19,0.0,100.0,100.0,0.0,103.0,103.0,0.0,10.0,10.0,0.0,10.0,10.0,4.0,5.0,9.0,1.0,1.0,2.0,17.0,251.0,203.0,22.0,2018,JUN
2018-06-20,20,0.0,116.0,116.0,1.0,117.0,118.0,0.0,10.0,10.0,0.0,10.0,10.0,2.0,4.0,6.0,0.0,1.0,1.0,10.0,271.0,234.0,21.0,2018,JUN
2018-06-21,21,0.0,111.0,111.0,0.0,109.0,109.0,0.0,12.0,12.0,0.0,12.0,12.0,4.0,4.0,8.0,3.0,3.0,6.0,7.0,265.0,220.0,30.0,2018,JUN
2018-06-22,22,0.0,126.0,126.0,0.0,129.0,129.0,0.0,9.0,9.0,0.0,9.0,9.0,2.0,2.0,4.0,2.0,2.0,4.0,18.0,299.0,255.0,22.0,2018,JUN
2018-06-23,23,30.0,91.0,121.0,33.0,88.0,121.0,5.0,16.0,21.0,5.0,16.0,21.0,4.0,5.0,9.0,0.0,0.0,0.0,14.0,307.0,242.0,42.0,2018,JUN
2018-06-24,24,0.0,134.0,134.0,0.0,132.0,132.0,0.0,3.0,3.0,0.0,3.0,3.0,2.0,7.0,9.0,1.0,1.0,2.0,4.0,287.0,266.0,8.0,2018,JUN
2018-06-25,25,0.0,125.0,125.0,0.0,124.0,124.0,0.0,15.0,15.0,0.0,15.0,15.0,3.0,4.0,7.0,1.0,1.0,2.0,3.0,291.0,249.0,32.0,2018,JUN
2018-06-26,26,0.0,102.0,102.0,0.0,101.0,101.0,0.0,11.0,11.0,0.0,11.0,11.0,3.0,2.0,5.0,0.0,0.0,0.0,14.0,244.0,203.0,22.0,2018,JUN
2018-06-27,27,0.0,114.0,114.0,0.0,118.0,118.0,0.0,18.0,18.0,0.0,18.0,18.0,3.0,2.0,5.0,2.0,2.0,4.0,21.0,298.0,232.0,40.0,2018,JUN
2018-06-28,28,0.0,109.0,109.0,1.0,106.0,107.0,0.0,14.0,14.0,0.0,15.0,15.0,3.0,2.0,5.0,0.0,0.0,0.0,17.0,267.0,216.0,29.0,2018,JUN
2018-06-29,29,0.0,120.0,120.0,2.0,119.0,121.0,0.0,12.0,12.0,0.0,12.0,12.0,3.0,1.0,4.0,0.0,0.0,0.0,17.0,286.0,241.0,24.0,2018,JUN
2018-06-30,30,0.0,118.0,118.0,0.0,116.0,116.0,0.0,14.0,14.0,0.0,14.0,14.0,2.0,1.0,3.0,3.0,3.0,6.0,14.0,285.0,234.0,34.0,2018,JUN
2018-07-01,1,0.0,139.0,139.0,0.0,138.0,138.0,0.0,0.0,0.0,0.0,0.0,0.0,2.0,0.0,2.0,0.0,0.0,0.0,0.0,279.0,277.0,0.0,2018,JUL
2018-07-02,2,0.0,122.0,122.0,0.0,122.0,122.0,0.0,16.0,16.0,0.0,16.0,16.0,1.0,1.0,2.0,1.0,1.0,2.0,15.0,295.0,244.0,34.0,2018,JUL
2018-07-03,3,0.0,104.0,104.0,0.0,105.0,105.0,0.0,17.0,17.0,0.0,17.0,17.0,3.0,0.0,3.0,2.0,1.0,3.0,20.0,269.0,209.0,37.0,2018,JUL
2018-07-04,4,0.0,122.0,122.0,0.0,125.0,125.0,0.0,10.0,10.0,0.0,10.0,10.0,3.0,2.0,5.0,1.0,1.0,2.0,16.0,290.0,247.0,22.0,2018,JUL
2018-07-05,5,26.0,90.0,116.0,23.0,89.0,112.0,3.0,10.0,13.0,4.0,9.0,13.0,3.0,2.0,5.0,4.0,4.0,8.0,2.0,269.0,228.0,34.0,2018,JUL
2018-07-06,6,0.0,121.0,121.0,0.0,122.0,122.0,0.0,15.0,15.0,0.0,15.0,15.0,0.0,4.0,4.0,0.0,0.0,0.0,7.0,284.0,243.0,30.0,2018,JUL
2018-07-07,7,0.0,118.0,118.0,0.0,117.0,117.0,0.0,12.0,12.0,0.0,12.0,12.0,4.0,0.0,4.0,0.0,0.0,0.0,7.0,270.0,235.0,24.0,2018,JUL
2018-07-08,8,0.0,139.0,139.0,0.0,132.0,132.0,0.0,3.0,3.0,0.0,3.0,3.0,1.0,0.0,1.0,0.0,0.0,0.0,0.0,278.0,271.0,6.0,2018,JUL
2018-07-09,9,0.0,124.0,124.0,0.0,122.0,122.0,0.0,8.0,8.0,0.0,8.0,8.0,1.0,1.0,2.0,1.0,1.0,2.0,11.0,277.0,246.0,18.0,2018,JUL
2018-07-10,10,0.0,103.0,103.0,0.0,105.0,105.0,0.0,23.0,23.0,0.0,23.0,23.0,2.0,1.0,3.0,1.0,1.0,2.0,24.0,283.0,208.0,48.0,2018,JUL
2018-07-11,11,0.0,124.0,124.0,0.0,125.0,125.0,0.0,17.0,17.0,0.0,17.0,17.0,6.0,1.0,7.0,2.0,2.0,4.0,2.0,296.0,249.0,38.0,2018,JUL
2018-07-12,12,0.0,114.0,114.0,0.0,111.0,111.0,0.0,15.0,15.0,0.0,15.0,15.0,2.0,5.0,7.0,1.0,1.0,2.0,13.0,277.0,225.0,32.0,2018,JUL
2018-07-13,13,0.0,121.0,121.0,0.0,125.0,125.0,0.0,11.0,11.0,0.0,11.0,11.0,3.0,3.0,6.0,2.0,2.0,4.0,6.0,284.0,246.0,26.0,2018,JUL
2018-07-14,14,7.0,117.0,124.0,25.0,94.0,119.0,0.0,7.0,7.0,0.0,7.0,7.0,5.0,1.0,6.0,0.0,0.0,0.0,0.0,263.0,243.0,14.0,2018,JUL
2018-07-15,15,0.0,133.0,133.0,0.0,133.0,133.0,0.0,3.0,3.0,0.0,3.0,3.0,1.0,0.0,1.0,0.0,0.0,0.0,0.0,273.0,266.0,6.0,2018,JUL
2018-07-16,16,0.0,123.0,123.0,0.0,119.0,119.0,0.0,9.0,9.0,0.0,9.0,9.0,3.0,2.0,5.0,1.0,1.0,2.0,6.0,273.0,242.0,20.0,2018,JUL
2018-07-17,17,0.0,118.0,118.0,0.0,117.0,117.0,0.0,6.0,6.0,0.0,6.0,6.0,4.0,0.0,4.0,1.0,1.0,2.0,1.0,254.0,235.0,14.0,2018,JUL
2018-07-18,18,0.0,123.0,123.0,0.0,123.0,123.0,0.0,14.0,14.0,0.0,14.0,14.0,4.0,2.0,6.0,2.0,2.0,4.0,10.0,294.0,246.0,32.0,2018,JUL
2018-07-19,19,0.0,112.0,112.0,0.0,112.0,112.0,0.0,10.0,10.0,0.0,10.0,10.0,3.0,3.0,6.0,2.0,2.0,4.0,31.0,285.0,224.0,24.0,2018,JUL
2018-07-20,20,0.0,123.0,123.0,0.0,125.0,125.0,0.0,10.0,10.0,0.0,10.0,10.0,10.0,1.0,11.0,0.0,0.0,0.0,6.0,285.0,248.0,20.0,2018,JUL
2018-07-21,21,0.0,127.0,127.0,0.0,126.0,126.0,0.0,18.0,18.0,0.0,18.0,18.0,3.0,0.0,3.0,0.0,0.0,0.0,7.0,299.0,253.0,36.0,2018,JUL
2018-07-22,22,0.0,128.0,128.0,1.0,127.0,128.0,0.0,2.0,2.0,0.0,2.0,2.0,4.0,0.0,4.0,1.0,1.0,2.0,0.0,266.0,256.0,6.0,2018,JUL
2018-07-23,23,0.0,122.0,122.0,0.0,123.0,123.0,0.0,19.0,19.0,0.0,19.0,19.0,3.0,2.0,5.0,2.0,2.0,4.0,11.0,303.0,245.0,42.0,2018,JUL
2018-07-24,24,7.0,115.0,122.0,7.0,115.0,122.0,2.0,10.0,12.0,2.0,10.0,12.0,5.0,2.0,7.0,1.0,1.0,2.0,11.0,288.0,244.0,26.0,2018,JUL
2018-07-25,25,0.0,120.0,120.0,0.0,126.0,126.0,0.0,9.0,9.0,0.0,9.0,9.0,2.0,1.0,3.0,1.0,1.0,2.0,5.0,274.0,246.0,20.0,2018,JUL
2018-07-26,26,0.0,115.0,115.0,0.0,110.0,110.0,0.0,11.0,11.0,0.0,11.0,11.0,3.0,1.0,4.0,1.0,1.0,2.0,5.0,258.0,225.0,24.0,2018,JUL
2018-07-27,27,0.0,128.0,128.0,1.0,129.0,130.0,0.0,8.0,8.0,0.0,8.0,8.0,1.0,2.0,3.0,0.0,0.0,0.0,0.0,277.0,258.0,16.0,2018,JUL
2018-07-28,28,0.0,136.0,136.0,0.0,134.0,134.0,0.0,14.0,14.0,0.0,14.0,14.0,2.0,0.0,2.0,1.0,1.0,2.0,8.0,310.0,270.0,30.0,2018,JUL
2018-07-29,29,0.0,127.0,127.0,0.0,130.0,130.0,0.0,1.0,1.0,0.0,1.0,1.0,2.0,3.0,5.0,0.0,0.0,0.0,0.0,264.0,257.0,2.0,2018,JUL
2018-07-30,30,0.0,124.0,124.0,0.0,121.0,121.0,0.0,9.0,9.0,0.0,9.0,9.0,2.0,5.0,7.0,1.0,1.0,2.0,18.0,290.0,245.0,20.0,2018,JUL
2018-07-31,31,0.0,114.0,114.0,0.0,116.0,116.0,0.0,17.0,17.0,0.0,17.0,17.0,2.0,3.0,5.0,0.0,0.0,0.0,10.0,279.0,230.0,34.0,2018,JUL
2018-08-01,1,0.0,122.0,122.0,0.0,124.0,124.0,0.0,10.0,10.0,0.0,10.0,10.0,3.0,2.0,5.0,1.0,1.0,2.0,9.0,282.0,246.0,22.0,2018,AUG
2018-08-02,2,0.0,116.0,116.0,0.0,111.0,111.0,0.0,19.0,19.0,0.0,19.0,19.0,2.0,5.0,7.0,0.0,0.0,0.0,17.0,289.0,227.0,38.0,2018,AUG
2018-08-03,3,0.0,126.0,126.0,0.0,130.0,130.0,0.0,13.0,13.0,0.0,13.0,13.0,2.0,2.0,4.0,0.0,0.0,0.0,0.0,286.0,256.0,26.0,2018,AUG
2018-08-04,4,0.0,126.0,126.0,0.0,127.0,127.0,0.0,6.0,6.0,0.0,6.0,6.0,1.0,0.0,1.0,0.0,0.0,0.0,0.0,266.0,253.0,12.0,2018,AUG
2018-08-05,5,0.0,136.0,136.0,1.0,134.0,135.0,0.0,1.0,1.0,0.0,1.0,1.0,1.0,0.0,1.0,0.0,0.0,0.0,0.0,274.0,271.0,2.0,2018,AUG
2018-08-06,6,0.0,127.0,127.0,0.0,124.0,124.0,0.0,7.0,7.0,0.0,7.0,7.0,0.0,3.0,3.0,0.0,0.0,0.0,9.0,277.0,251.0,14.0,2018,AUG
2018-08-07,7,0.0,110.0,110.0,2.0,107.0,109.0,0.0,14.0,14.0,0.0,14.0,14.0,0.0,1.0,1.0,0.0,0.0,0.0,13.0,261.0,219.0,28.0,2018,AUG
2018-08-08,8,0.0,122.0,122.0,1.0,125.0,126.0,0.0,11.0,11.0,0.0,11.0,11.0,0.0,2.0,2.0,1.0,1.0,2.0,8.0,282.0,248.0,24.0,2018,AUG
2018-08-09,9,23.0,87.0,110.0,22.0,85.0,107.0,0.0,7.0,7.0,0.0,7.0,7.0,5.0,0.0,5.0,0.0,0.0,0.0,5.0,241.0,217.0,14.0,2018,AUG
2018-08-10,10,0.0,140.0,140.0,0.0,134.0,134.0,0.0,15.0,15.0,0.0,15.0,15.0,0.0,3.0,3.0,0.0,0.0,0.0,10.0,317.0,274.0,30.0,2018,AUG
2018-08-11,11,0.0,125.0,125.0,0.0,125.0,125.0,0.0,3.0,3.0,0.0,3.0,3.0,0.0,3.0,3.0,0.0,0.0,0.0,2.0,261.0,250.0,6.0,2018,AUG
2018-08-12,12,0.0,130.0,130.0,0.0,130.0,130.0,0.0,1.0,1.0,0.0,1.0,1.0,1.0,0.0,1.0,0.0,0.0,0.0,1.0,264.0,260.0,2.0,2018,AUG
2018-08-13,13,0.0,123.0,123.0,0.0,124.0,124.0,0.0,17.0,17.0,0.0,17.0,17.0,2.0,2.0,4.0,0.0,0.0,0.0,8.0,293.0,247.0,34.0,2018,AUG
2018-08-14,14,2.0,108.0,110.0,0.0,112.0,112.0,0.0,14.0,14.0,0.0,14.0,14.0,1.0,2.0,3.0,0.0,0.0,0.0,13.0,266.0,222.0,28.0,2018,AUG
2018-08-15,15,0.0,125.0,125.0,0.0,125.0,125.0,0.0,2.0,2.0,0.0,2.0,2.0,2.0,1.0,3.0,1.0,1.0,2.0,0.0,259.0,250.0,6.0,2018,AUG
2018-08-16,16,0.0,109.0,109.0,0.0,108.0,108.0,0.0,13.0,13.0,0.0,13.0,13.0,1.0,0.0,1.0,1.0,1.0,2.0,15.0,261.0,217.0,28.0,2018,AUG
2018-08-17,17,0.0,126.0,126.0,0.0,128.0,128.0,0.0,13.0,13.0,0.0,13.0,13.0,1.0,1.0,2.0,0.0,0.0,0.0,15.0,297.0,254.0,26.0,2018,AUG
2018-08-18,18,0.0,125.0,125.0,0.0,124.0,124.0,0.0,6.0,6.0,0.0,6.0,6.0,0.0,0.0,0.0,0.0,0.0,0.0,5.0,266.0,249.0,12.0,2018,AUG
2018-08-19,19,0.0,135.0,135.0,0.0,132.0,132.0,0.0,2.0,2.0,0.0,2.0,2.0,2.0,0.0,2.0,1.0,1.0,2.0,0.0,275.0,267.0,6.0,2018,AUG
2018-08-20,20,0.0,122.0,122.0,0.0,126.0,126.0,0.0,11.0,11.0,0.0,11.0,11.0,5.0,0.0,5.0,3.0,3.0,6.0,17.0,298.0,248.0,28.0,2018,AUG
2018-08-21,21,0.0,114.0,114.0,0.0,113.0,113.0,0.0,10.0,10.0,0.0,10.0,10.0,3.0,1.0,4.0,0.0,0.0,0.0,20.0,271.0,227.0,20.0,2018,AUG
2018-08-22,22,0.0,122.0,122.0,0.0,118.0,118.0,0.0,10.0,10.0,0.0,10.0,10.0,3.0,3.0,6.0,0.0,0.0,0.0,9.0,275.0,240.0,20.0,2018,AUG
2018-08-23,23,0.0,115.0,115.0,0.0,113.0,113.0,0.0,10.0,10.0,0.0,10.0,10.0,2.0,2.0,4.0,2.0,2.0,4.0,12.0,268.0,228.0,24.0,2018,AUG
2018-08-24,24,0.0,128.0,128.0,0.0,124.0,124.0,0.0,16.0,16.0,0.0,16.0,16.0,2.0,4.0,6.0,0.0,0.0,0.0,22.0,312.0,252.0,32.0,2018,AUG
2018-08-25,25,0.0,123.0,123.0,0.0,123.0,123.0,0.0,10.0,10.0,0.0,10.0,10.0,2.0,0.0,2.0,1.0,1.0,2.0,4.0,274.0,246.0,22.0,2018,AUG
2018-08-26,26,0.0,132.0,132.0,0.0,132.0,132.0,0.0,3.0,3.0,0.0,3.0,3.0,2.0,0.0,2.0,1.0,1.0,2.0,5.0,279.0,264.0,8.0,2018,AUG
2018-08-27,27,0.0,128.0,128.0,0.0,124.0,124.0,0.0,13.0,13.0,0.0,13.0,13.0,2.0,2.0,4.0,0.0,0.0,0.0,10.0,292.0,252.0,26.0,2018,AUG
2018-08-28,28,0.0,121.0,121.0,0.0,115.0,115.0,0.0,13.0,13.0,0.0,13.0,13.0,2.0,2.0,4.0,2.0,2.0,4.0,0.0,270.0,236.0,30.0,2018,AUG
2018-08-29,29,0.0,124.0,124.0,0.0,129.0,129.0,0.0,14.0,14.0,0.0,15.0,15.0,4.0,4.0,8.0,1.0,1.0,2.0,15.0,307.0,253.0,31.0,2018,AUG
2018-08-30,30,0.0,118.0,118.0,1.0,115.0,116.0,0.0,17.0,17.0,0.0,17.0,17.0,2.0,3.0,5.0,0.0,0.0,0.0,20.0,293.0,234.0,34.0,2018,AUG
2018-08-31,31,0.0,124.0,124.0,0.0,126.0,126.0,0.0,11.0,11.0,0.0,11.0,11.0,8.0,5.0,13.0,1.0,1.0,2.0,1.0,288.0,250.0,24.0,2018,AUG
2018-09-01,1,0.0,124.0,124.0,0.0,122.0,122.0,0.0,6.0,6.0,0.0,6.0,6.0,3.0,0.0,3.0,0.0,0.0,0.0,7.0,268.0,246.0,12.0,2018,SEP
2018-09-02,2,0.0,134.0,134.0,0.0,138.0,138.0,0.0,6.0,6.0,0.0,6.0,6.0,2.0,0.0,2.0,1.0,1.0,2.0,7.0,295.0,272.0,14.0,2018,SEP
2018-09-03,3,0.0,118.0,118.0,1.0,114.0,115.0,0.0,4.0,4.0,0.0,4.0,4.0,3.0,0.0,3.0,3.0,2.0,5.0,0.0,249.0,233.0,13.0,2018,SEP
2018-09-04,4,11.0,88.0,99.0,13.0,87.0,100.0,2.0,17.0,19.0,2.0,17.0,19.0,3.0,3.0,6.0,1.0,1.0,2.0,22.0,267.0,199.0,40.0,2018,SEP
2018-09-05,5,0.0,122.0,122.0,0.0,124.0,124.0,0.0,10.0,10.0,0.0,10.0,10.0,4.0,4.0,8.0,0.0,0.0,0.0,1.0,275.0,246.0,20.0,2018,SEP
2018-09-06,6,0.0,114.0,114.0,0.0,107.0,107.0,0.0,10.0,10.0,0.0,10.0,10.0,5.0,0.0,5.0,0.0,0.0,0.0,5.0,251.0,221.0,20.0,2018,SEP
2018-09-07,7,0.0,134.0,134.0,0.0,135.0,135.0,0.0,10.0,10.0,0.0,10.0,10.0,5.0,0.0,5.0,1.0,1.0,2.0,15.0,311.0,269.0,22.0,2018,SEP
2018-09-08,8,0.0,123.0,123.0,0.0,123.0,123.0,0.0,17.0,17.0,0.0,7.0,7.0,2.0,0.0,2.0,0.0,0.0,0.0,8.0,280.0,246.0,24.0,2018,SEP
2018-09-09,9,6.0,122.0,128.0,7.0,128.0,135.0,0.0,5.0,5.0,0.0,5.0,5.0,3.0,0.0,3.0,2.0,2.0,4.0,3.0,283.0,263.0,14.0,2018,SEP
2018-09-10,10,0.0,114.0,114.0,0.0,110.0,110.0,0.0,11.0,11.0,0.0,11.0,11.0,2.0,2.0,4.0,3.0,2.0,5.0,10.0,265.0,224.0,27.0,2018,SEP
2018-09-11,11,0.0,108.0,108.0,0.0,104.0,104.0,0.0,9.0,9.0,0.0,9.0,9.0,6.0,2.0,8.0,0.0,0.0,0.0,14.0,252.0,212.0,18.0,2018,SEP
2018-09-12,12,0.0,115.0,115.0,0.0,113.0,113.0,0.0,13.0,13.0,0.0,13.0,13.0,1.0,1.0,2.0,1.0,1.0,2.0,7.0,265.0,228.0,28.0,2018,SEP
2018-09-13,13,0.0,104.0,104.0,0.0,104.0,104.0,0.0,14.0,14.0,0.0,14.0,14.0,2.0,1.0,3.0,1.0,2.0,3.0,20.0,262.0,208.0,31.0,2018,SEP
2018-09-14,14,0.0,119.0,119.0,0.0,121.0,121.0,0.0,10.0,10.0,0.0,10.0,10.0,2.0,2.0,4.0,1.0,1.0,2.0,15.0,281.0,240.0,22.0,2018,SEP
2018-09-15,15,19.0,92.0,111.0,9.0,97.0,106.0,8.0,10.0,18.0,5.0,13.0,18.0,3.0,0.0,3.0,2.0,2.0,4.0,14.0,274.0,217.0,40.0,2018,SEP
2018-09-16,16,0.0,125.0,125.0,0.0,121.0,121.0,0.0,1.0,1.0,0.0,1.0,1.0,1.0,0.0,1.0,1.0,1.0,2.0,0.0,251.0,246.0,4.0,2018,SEP
2018-09-17,17,0.0,112.0,112.0,0.0,112.0,112.0,0.0,7.0,7.0,0.0,9.0,9.0,4.0,3.0,7.0,2.0,2.0,4.0,21.0,272.0,224.0,20.0,2018,SEP
2018-09-18,18,0.0,100.0,100.0,0.0,95.0,95.0,0.0,14.0,14.0,0.0,14.0,14.0,3.0,2.0,5.0,3.0,3.0,6.0,11.0,245.0,195.0,34.0,2018,SEP
2018-09-19,19,0.0,107.0,107.0,0.0,115.0,115.0,0.0,4.0,4.0,0.0,4.0,4.0,4.0,3.0,7.0,2.0,2.0,4.0,1.0,242.0,222.0,12.0,2018,SEP
2018-09-20,20,0.0,108.0,108.0,0.0,109.0,109.0,0.0,9.0,9.0,0.0,9.0,9.0,5.0,0.0,5.0,9.0,9.0,18.0,2.0,260.0,217.0,36.0,2018,SEP
2018-09-21,21,21.0,99.0,120.0,25.0,97.0,122.0,2.0,7.0,9.0,4.0,6.0,10.0,5.0,2.0,7.0,2.0,2.0,4.0,0.0,272.0,242.0,23.0,2018,SEP
2018-09-22,22,0.0,118.0,118.0,0.0,115.0,115.0,0.0,15.0,15.0,0.0,15.0,15.0,2.0,0.0,2.0,1.0,1.0,2.0,16.0,283.0,233.0,32.0,2018,SEP
2018-09-23,23,0.0,123.0,123.0,0.0,125.0,125.0,0.0,2.0,2.0,0.0,2.0,2.0,0.0,0.0,0.0,0.0,0.0,0.0,0.0,252.0,248.0,4.0,2018,SEP
2018-09-24,24,34.0,79.0,113.0,26.0,83.0,109.0,2.0,8.0,10.0,1.0,9.0,10.0,1.0,3.0,4.0,1.0,1.0,2.0,7.0,255.0,222.0,22.0,2018,SEP
2018-09-25,25,0.0,93.0,93.0,0.0,92.0,92.0,0.0,11.0,11.0,0.0,11.0,11.0,1.0,2.0,3.0,1.0,1.0,2.0,17.0,229.0,185.0,24.0,2018,SEP
2018-09-26,26,26.0,90.0,116.0,25.0,88.0,113.0,3.0,7.0,10.0,4.0,6.0,10.0,2.0,4.0,6.0,1.0,1.0,2.0,22.0,279.0,229.0,22.0,2018,SEP
2018-09-27,27,0.0,107.0,107.0,0.0,105.0,105.0,0.0,7.0,7.0,0.0,7.0,7.0,1.0,2.0,3.0,1.0,1.0,2.0,11.0,242.0,212.0,16.0,2018,SEP
2018-09-28,28,0.0,111.0,111.0,0.0,113.0,113.0,0.0,6.0,6.0,0.0,6.0,6.0,2.0,2.0,4.0,2.0,1.0,3.0,5.0,248.0,224.0,15.0,2018,SEP
2018-09-29,29,0.0,122.0,122.0,0.0,118.0,118.0,0.0,7.0,7.0,0.0,7.0,7.0,1.0,0.0,1.0,1.0,1.0,2.0,6.0,263.0,240.0,16.0,2018,SEP
2018-09-30,30,69.0,61.0,130.0,70.0,58.0,128.0,0.0,0.0,0.0,0.0,0.0,0.0,1.0,0.0,1.0,0.0,0.0,0.0,0.0,259.0,258.0,0.0,2018,SEP
2018-10-01,1,0.0,124.0,124.0,0.0,113.0,113.0,0.0,1.0,1.0,0.0,1.0,1.0,2.0,3.0,5.0,2.0,3.0,5.0,0.0,249.0,237.0,7.0,2018,OCT
2018-10-02,2,0.0,101.0,101.0,0.0,99.0,99.0,0.0,8.0,8.0,0.0,8.0,8.0,2.0,3.0,5.0,1.0,1.0,2.0,15.0,238.0,200.0,18.0,2018,OCT
2018-10-03,3,0.0,110.0,110.0,1.0,115.0,116.0,0.0,4.0,4.0,0.0,4.0,4.0,1.0,1.0,2.0,1.0,1.0,2.0,3.0,241.0,226.0,10.0,2018,OCT
2018-10-04,4,0.0,107.0,107.0,0.0,99.0,99.0,0.0,8.0,8.0,0.0,8.0,8.0,4.0,2.0,6.0,1.0,1.0,2.0,20.0,250.0,206.0,18.0,2018,OCT
2018-10-05,5,65.0,43.0,108.0,71.0,32.0,103.0,16.0,2.0,18.0,16.0,2.0,18.0,4.0,1.0,5.0,2.0,2.0,4.0,32.0,288.0,211.0,40.0,2018,OCT
2018-10-06,6,42.0,66.0,108.0,43.0,60.0,103.0,14.0,4.0,18.0,14.0,4.0,18.0,3.0,1.0,4.0,0.0,0.0,0.0,13.0,264.0,211.0,36.0,2018,OCT
2018-10-07,7,0.0,117.0,117.0,0.0,122.0,122.0,0.0,6.0,6.0,0.0,6.0,6.0,2.0,1.0,3.0,2.0,1.0,3.0,7.0,264.0,239.0,15.0,2018,OCT
2018-10-08,8,0.0,112.0,112.0,0.0,112.0,112.0,0.0,16.0,16.0,0.0,16.0,16.0,2.0,2.0,4.0,1.0,1.0,2.0,22.0,284.0,224.0,34.0,2018,OCT
2018-10-09,9,0.0,92.0,92.0,0.0,95.0,95.0,0.0,12.0,12.0,0.0,12.0,12.0,3.0,4.0,7.0,0.0,0.0,0.0,28.0,246.0,187.0,24.0,2018,OCT
2018-10-10,10,0.0,109.0,109.0,0.0,108.0,108.0,0.0,16.0,16.0,0.0,16.0,16.0,4.0,2.0,6.0,1.0,1.0,2.0,22.0,279.0,217.0,34.0,2018,OCT
2018-10-11,11,0.0,102.0,102.0,0.0,97.0,97.0,0.0,16.0,16.0,0.0,16.0,16.0,1.0,3.0,4.0,0.0,0.0,0.0,28.0,263.0,199.0,32.0,2018,OCT
2018-10-12,12,27.0,83.0,110.0,26.0,89.0,115.0,0.0,11.0,11.0,0.0,11.0,11.0,4.0,2.0,6.0,1.0,1.0,2.0,9.0,264.0,225.0,24.0,2018,OCT
2018-10-13,13,98.0,11.0,109.0,94.0,16.0,110.0,0.0,5.0,5.0,1.0,4.0,5.0,4.0,0.0,4.0,0.0,0.0,0.0,11.0,244.0,219.0,10.0,2018,OCT
2018-10-14,14,2.0,116.0,118.0,7.0,116.0,123.0,0.0,10.0,10.0,0.0,10.0,10.0,0.0,0.0,0.0,1.0,1.0,2.0,11.0,274.0,241.0,22.0,2018,OCT
2018-10-15,15,4.0,95.0,99.0,10.0,90.0,100.0,0.0,14.0,14.0,0.0,14.0,14.0,2.0,1.0,3.0,2.0,2.0,4.0,10.0,244.0,199.0,32.0,2018,OCT
2018-10-16,16,0.0,91.0,91.0,0.0,92.0,92.0,0.0,15.0,15.0,0.0,15.0,15.0,2.0,1.0,3.0,0.0,0.0,0.0,9.0,225.0,183.0,30.0,2018,OCT
2018-10-17,17,40.0,69.0,109.0,28.0,75.0,103.0,2.0,9.0,11.0,2.0,9.0,11.0,1.0,2.0,3.0,1.0,1.0,2.0,10.0,249.0,212.0,24.0,2018,OCT
2018-10-18,18,21.0,65.0,86.0,8.0,62.0,70.0,5.0,6.0,11.0,4.0,7.0,11.0,2.0,1.0,3.0,1.0,1.0,2.0,22.0,205.0,156.0,24.0,2018,OCT
2018-10-19,19,0.0,98.0,98.0,0.0,98.0,98.0,0.0,10.0,10.0,0.0,10.0,10.0,1.0,1.0,2.0,2.0,2.0,4.0,16.0,238.0,196.0,24.0,2018,OCT
2018-10-20,20,29.0,80.0,109.0,30.0,78.0,108.0,0.0,10.0,10.0,0.0,10.0,10.0,0.0,2.0,2.0,1.0,1.0,2.0,4.0,245.0,217.0,22.0,2018,OCT
2018-10-21,21,33.0,70.0,103.0,34.0,71.0,105.0,1.0,2.0,3.0,1.0,2.0,3.0,0.0,0.0,0.0,0.0,0.0,0.0,9.0,223.0,208.0,6.0,2018,OCT
2018-10-22,22,30.0,65.0,95.0,37.0,59.0,96.0,0.0,12.0,12.0,0.0,12.0,12.0,0.0,3.0,3.0,1.0,1.0,2.0,13.0,233.0,191.0,26.0,2018,OCT
2018-10-23,23,79.0,0.0,79.0,81.0,0.0,81.0,16.0,0.0,16.0,16.0,0.0,16.0,4.0,2.0,6.0,3.0,3.0,6.0,18.0,222.0,160.0,38.0,2018,OCT
2018-10-24,24,0.0,98.0,98.0,0.0,102.0,102.0,0.0,11.0,11.0,0.0,11.0,11.0,2.0,3.0,5.0,0.0,0.0,0.0,4.0,231.0,200.0,22.0,2018,OCT
2018-10-25,25,0.0,87.0,87.0,0.0,83.0,83.0,0.0,2.0,2.0,0.0,2.0,2.0,1.0,1.0,2.0,0.0,0.0,0.0,0.0,176.0,170.0,4.0,2018,OCT
2018-10-26,26,28.0,64.0,92.0,23.0,73.0,96.0,0.0,9.0,9.0,0.0,9.0,9.0,0.0,3.0,3.0,1.0,1.0,2.0,0.0,211.0,188.0,20.0,2018,OCT
2018-10-27,27,89.0,12.0,101.0,92.0,12.0,104.0,9.0,3.0,12.0,8.0,4.0,12.0,2.0,0.0,2.0,1.0,1.0,2.0,17.0,250.0,205.0,26.0,2018,OCT
2018-10-28,28,100.0,0.0,100.0,98.0,1.0,99.0,5.0,0.0,5.0,5.0,0.0,5.0,1.0,1.0,2.0,0.0,0.0,0.0,0.0,211.0,199.0,10.0,2018,OCT
2018-10-29,29,65.0,7.0,72.0,64.0,8.0,72.0,5.0,4.0,9.0,5.0,4.0,9.0,3.0,0.0,3.0,1.0,1.0,2.0,9.0,176.0,144.0,20.0,2018,OCT
2018-10-30,30,73.0,0.0,73.0,71.0,0.0,71.0,14.0,0.0,14.0,14.0,0.0,14.0,7.0,4.0,11.0,0.0,0.0,0.0,3.0,186.0,144.0,28.0,2018,OCT
2018-10-31,31,93.0,0.0,93.0,89.0,0.0,89.0,16.0,0.0,16.0,16.0,0.0,16.0,3.0,2.0,5.0,2.0,2.0,4.0,12.0,235.0,182.0,36.0,2018,OCT
2018-11-01,1,70.0,0.0,70.0,71.0,0.0,71.0,5.0,0.0,5.0,5.0,0.0,5.0,1.0,1.0,2.0,0.0,0.0,0.0,7.0,160.0,141.0,10.0,2018,NOV
2018-11-02,2,68.0,2.0,70.0,67.0,4.0,71.0,11.0,3.0,14.0,11.0,3.0,14.0,2.0,5.0,7.0,1.0,1.0,2.0,13.0,191.0,141.0,30.0,2018,NOV
2018-11-03,3,87.0,0.0,87.0,85.0,0.0,85.0,1.0,0.0,1.0,1.0,0.0,1.0,2.0,0.0,2.0,0.0,0.0,0.0,1.0,177.0,172.0,2.0,2018,NOV
2018-11-04,4,79.0,0.0,79.0,81.0,0.0,81.0,1.0,0.0,1.0,1.0,0.0,1.0,2.0,0.0,2.0,2.0,2.0,4.0,0.0,168.0,160.0,6.0,2018,NOV
2018-11-05,5,75.0,0.0,75.0,76.0,0.0,76.0,9.0,0.0,9.0,9.0,0.0,9.0,1.0,2.0,3.0,0.0,0.0,0.0,16.0,188.0,151.0,18.0,2018,NOV
2018-11-06,6,46.0,16.0,62.0,50.0,14.0,64.0,17.0,14.0,31.0,17.0,0.0,17.0,2.0,3.0,5.0,0.0,0.0,0.0,27.0,206.0,126.0,48.0,2018,NOV
2018-11-07,7,0.0,72.0,72.0,0.0,67.0,67.0,0.0,0.0,0.0,0.0,14.0,14.0,2.0,2.0,4.0,2.0,2.0,4.0,12.0,173.0,139.0,18.0,2018,NOV
2018-11-08,8,64.0,2.0,66.0,55.0,5.0,60.0,10.0,0.0,10.0,10.0,0.0,10.0,2.0,0.0,2.0,2.0,2.0,4.0,9.0,161.0,126.0,24.0,2018,NOV
2018-11-09,9,56.0,0.0,56.0,59.0,0.0,59.0,9.0,2.0,11.0,9.0,0.0,9.0,4.0,3.0,7.0,1.0,1.0,2.0,24.0,168.0,115.0,22.0,2018,NOV
2018-11-10,10,50.0,10.0,60.0,54.0,10.0,64.0,9.0,0.0,9.0,9.0,3.0,12.0,2.0,0.0,2.0,2.0,2.0,4.0,18.0,169.0,124.0,25.0,2018,NOV
2018-11-11,11,69.0,0.0,69.0,69.0,0.0,69.0,2.0,0.0,2.0,2.0,0.0,2.0,0.0,0.0,0.0,0.0,0.0,0.0,3.0,145.0,138.0,4.0,2018,NOV
2018-11-12,12,50.0,10.0,60.0,50.0,10.0,60.0,9.0,0.0,9.0,9.0,0.0,9.0,3.0,2.0,5.0,3.0,2.0,5.0,14.0,162.0,120.0,23.0,2018,NOV
2018-11-13,13,56.0,0.0,56.0,56.0,0.0,56.0,11.0,0.0,11.0,11.0,0.0,11.0,4.0,1.0,5.0,4.0,4.0,8.0,26.0,173.0,112.0,30.0,2018,NOV
2018-11-14,14,55.0,0.0,55.0,52.0,0.0,52.0,11.0,0.0,11.0,11.0,0.0,11.0,2.0,0.0,2.0,6.0,6.0,12.0,16.0,159.0,107.0,34.0,2018,NOV
2018-11-15,15,57.0,0.0,57.0,58.0,0.0,58.0,21.0,0.0,21.0,21.0,0.0,21.0,2.0,1.0,3.0,2.0,1.0,3.0,15.0,178.0,115.0,45.0,2018,NOV
2018-11-16,16,53.0,0.0,53.0,53.0,0.0,53.0,9.0,0.0,9.0,9.0,0.0,9.0,3.0,2.0,5.0,2.0,3.0,5.0,11.0,145.0,106.0,23.0,2018,NOV
2018-11-17,17,66.0,0.0,66.0,69.0,0.0,69.0,12.0,0.0,12.0,12.0,0.0,12.0,2.0,0.0,2.0,0.0,0.0,0.0,24.0,185.0,135.0,24.0,2018,NOV
2018-11-18,18,61.0,0.0,61.0,60.0,0.0,60.0,2.0,0.0,2.0,2.0,0.0,2.0,2.0,0.0,2.0,0.0,0.0,0.0,1.0,128.0,121.0,4.0,2018,NOV
2018-11-19,19,58.0,0.0,58.0,58.0,0.0,58.0,9.0,0.0,9.0,9.0,0.0,9.0,2.0,3.0,5.0,3.0,3.0,6.0,11.0,156.0,116.0,24.0,2018,NOV
2018-11-20,20,32.0,28.0,60.0,29.0,25.0,54.0,15.0,0.0,15.0,15.0,0.0,15.0,4.0,4.0,8.0,3.0,3.0,6.0,8.0,166.0,114.0,36.0,2018,NOV
2018-11-21,21,0.0,53.0,53.0,0.0,55.0,55.0,0.0,12.0,12.0,0.0,12.0,12.0,3.0,2.0,5.0,2.0,1.0,3.0,11.0,151.0,108.0,27.0,2018,NOV
2018-11-22,22,2.0,57.0,59.0,0.0,59.0,59.0,0.0,17.0,17.0,0.0,17.0,17.0,2.0,2.0,4.0,2.0,2.0,4.0,33.0,193.0,118.0,38.0,2018,NOV
2018-11-23,23,36.0,25.0,61.0,33.0,27.0,60.0,1.0,10.0,11.0,1.0,10.0,11.0,4.0,4.0,8.0,2.0,2.0,4.0,30.0,185.0,121.0,26.0,2018,NOV
2018-11-24,24,58.0,0.0,58.0,61.0,0.0,61.0,9.0,0.0,9.0,9.0,0.0,9.0,1.0,0.0,1.0,0.0,0.0,0.0,13.0,151.0,119.0,18.0,2018,NOV
2018-11-25,25,10.0,52.0,62.0,11.0,52.0,63.0,2.0,0.0,2.0,1.0,0.0,1.0,2.0,0.0,2.0,1.0,1.0,2.0,1.0,133.0,125.0,5.0,2018,NOV
2018-11-26,26,0.0,58.0,58.0,0.0,54.0,54.0,0.0,17.0,17.0,0.0,11.0,11.0,1.0,4.0,5.0,3.0,3.0,6.0,3.0,154.0,112.0,34.0,2018,NOV
2018-11-27,27,6.0,48.0,54.0,4.0,52.0,56.0,0.0,12.0,12.0,0.0,12.0,12.0,1.0,4.0,5.0,2.0,2.0,4.0,16.0,159.0,110.0,28.0,2018,NOV
2018-11-28,28,15.0,41.0,56.0,10.0,46.0,56.0,12.0,8.0,20.0,12.0,3.0,15.0,3.0,3.0,6.0,2.0,2.0,4.0,15.0,172.0,112.0,39.0,2018,NOV
2018-11-29,29,55.0,0.0,55.0,55.0,0.0,55.0,13.0,0.0,13.0,13.0,0.0,13.0,3.0,3.0,6.0,3.0,3.0,6.0,25.0,173.0,110.0,32.0,2018,NOV
2018-11-30,30,1.0,52.0,53.0,0.0,56.0,56.0,0.0,7.0,7.0,0.0,7.0,7.0,1.0,1.0,2.0,3.0,3.0,6.0,12.0,143.0,109.0,20.0,2018,NOV
2018-12-01,1,29.0,24.0,53.0,28.0,21.0,49.0,0.0,17.0,17.0,17.0,0.0,17.0,1.0,0.0,1.0,1.0,1.0,2.0,12.0,151.0,102.0,36.0,2018,DEC
2018-12-02,2,54.0,6.0,60.0,53.0,8.0,61.0,4.0,0.0,4.0,4.0,0.0,4.0,3.0,0.0,3.0,4.0,4.0,8.0,1.0,141.0,121.0,16.0,2018,DEC
2018-12-03,3,47.0,0.0,47.0,48.0,0.0,48.0,6.0,0.0,6.0,6.0,0.0,6.0,0.0,1.0,1.0,1.0,1.0,2.0,11.0,121.0,95.0,14.0,2018,DEC
2018-12-04,4,13.0,39.0,52.0,13.0,38.0,51.0,3.0,1.0,4.0,3.0,1.0,4.0,1.0,1.0,2.0,3.0,3.0,6.0,10.0,129.0,103.0,14.0,2018,DEC
2018-12-05,5,20.0,31.0,51.0,18.0,32.0,50.0,0.0,1.0,1.0,0.0,1.0,1.0,0.0,5.0,5.0,2.0,2.0,4.0,0.0,112.0,101.0,6.0,2018,DEC
2018-12-06,6,0.0,61.0,61.0,0.0,55.0,55.0,0.0,5.0,5.0,0.0,5.0,5.0,0.0,1.0,1.0,2.0,2.0,4.0,21.0,152.0,116.0,14.0,2018,DEC
2018-12-07,7,45.0,9.0,54.0,48.0,9.0,57.0,8.0,0.0,8.0,8.0,0.0,8.0,0.0,5.0,5.0,2.0,2.0,4.0,9.0,145.0,111.0,20.0,2018,DEC
2018-12-08,8,1.0,48.0,49.0,2.0,52.0,54.0,0.0,21.0,21.0,0.0,21.0,21.0,4.0,0.0,4.0,2.0,2.0,4.0,31.0,184.0,103.0,46.0,2018,DEC
2018-12-09,9,0.0,56.0,56.0,0.0,57.0,57.0,0.0,2.0,2.0,0.0,2.0,2.0,0.0,0.0,0.0,0.0,0.0,0.0,14.0,131.0,113.0,4.0,2018,DEC
2018-12-10,10,0.0,48.0,48.0,0.0,44.0,44.0,0.0,8.0,8.0,0.0,8.0,8.0,0.0,1.0,1.0,4.0,5.0,9.0,22.0,140.0,92.0,25.0,2018,DEC
2018-12-11,11,0.0,55.0,55.0,0.0,54.0,54.0,0.0,6.0,6.0,0.0,6.0,6.0,1.0,3.0,4.0,1.0,1.0,2.0,4.0,131.0,109.0,14.0,2018,DEC
2018-12-12,12,0.0,50.0,50.0,0.0,51.0,51.0,0.0,10.0,10.0,0.0,10.0,10.0,2.0,0.0,2.0,6.0,6.0,12.0,10.0,145.0,101.0,32.0,2018,DEC
2018-12-13,13,0.0,50.0,50.0,0.0,57.0,57.0,0.0,11.0,11.0,0.0,11.0,11.0,1.0,2.0,3.0,3.0,3.0,6.0,12.0,150.0,107.0,28.0,2018,DEC
2018-12-14,14,1.0,54.0,55.0,0.0,48.0,48.0,0.0,6.0,6.0,0.0,6.0,6.0,1.0,2.0,3.0,4.0,4.0,8.0,19.0,145.0,103.0,20.0,2018,DEC
2018-12-15,15,52.0,3.0,55.0,57.0,1.0,58.0,11.0,0.0,11.0,11.0,0.0,11.0,2.0,0.0,2.0,2.0,1.0,3.0,23.0,163.0,113.0,25.0,2018,DEC
2018-12-16,16,57.0,0.0,57.0,58.0,0.0,58.0,0.0,0.0,0.0,0.0,0.0,0.0,0.0,0.0,0.0,1.0,1.0,2.0,0.0,117.0,115.0,2.0,2018,DEC
2018-12-17,17,5.0,47.0,52.0,8.0,42.0,50.0,0.0,1.0,1.0,0.0,1.0,1.0,1.0,0.0,1.0,2.0,2.0,4.0,2.0,111.0,102.0,6.0,2018,DEC
2018-12-18,18,0.0,53.0,53.0,0.0,52.0,52.0,0.0,7.0,7.0,0.0,7.0,7.0,5.0,3.0,8.0,3.0,3.0,6.0,8.0,141.0,105.0,20.0,2018,DEC
2018-12-19,19,0.0,52.0,52.0,0.0,56.0,56.0,0.0,3.0,3.0,0.0,3.0,3.0,5.0,2.0,7.0,2.0,2.0,4.0,5.0,130.0,108.0,10.0,2018,DEC
2018-12-20,20,2.0,54.0,56.0,1.0,53.0,54.0,0.0,10.0,10.0,0.0,10.0,10.0,4.0,7.0,11.0,4.0,4.0,8.0,22.0,171.0,110.0,28.0,2018,DEC
2018-12-21,21,0.0,59.0,59.0,0.0,55.0,55.0,0.0,8.0,8.0,0.0,8.0,8.0,1.0,0.0,1.0,3.0,3.0,6.0,9.0,146.0,114.0,22.0,2018,DEC
2018-12-22,22,12.0,47.0,59.0,11.0,46.0,57.0,0.0,13.0,13.0,0.0,13.0,13.0,2.0,2.0,4.0,2.0,2.0,4.0,22.0,172.0,116.0,30.0,2018,DEC
2018-12-23,23,0.0,55.0,55.0,0.0,59.0,59.0,0.0,4.0,4.0,0.0,4.0,4.0,0.0,0.0,0.0,1.0,1.0,2.0,1.0,125.0,114.0,10.0,2018,DEC
2018-12-24,24,17.0,32.0,49.0,11.0,37.0,48.0,7.0,1.0,8.0,7.0,1.0,8.0,0.0,0.0,0.0,3.0,3.0,6.0,14.0,133.0,97.0,22.0,2018,DEC
2018-12-25,25,0.0,29.0,29.0,0.0,30.0,30.0,0.0,0.0,0.0,0.0,0.0,0.0,0.0,0.0,0.0,0.0,0.0,0.0,0.0,59.0,59.0,0.0,2018,DEC
2018-12-26,26,0.0,54.0,54.0,0.0,52.0,52.0,0.0,0.0,0.0,0.0,0.0,0.0,1.0,1.0,2.0,0.0,0.0,0.0,0.0,108.0,106.0,0.0,2018,DEC
2018-12-27,27,10.0,48.0,58.0,11.0,47.0,58.0,0.0,5.0,5.0,0.0,5.0,5.0,0.0,2.0,2.0,1.0,,1.0,0.0,129.0,116.0,11.0,2018,DEC
2018-12-28,28,45.0,8.0,53.0,45.0,9.0,54.0,7.0,4.0,11.0,7.0,4.0,11.0,0.0,2.0,2.0,3.0,3.0,6.0,19.0,156.0,107.0,28.0,2018,DEC
2018-12-29,29,5.0,0.0,5.0,55.0,0.0,55.0,12.0,0.0,12.0,12.0,0.0,12.0,1.0,1.0,2.0,1.0,1.0,2.0,2.0,90.0,60.0,26.0,2018,DEC
2018-12-30,30,45.0,14.0,59.0,44.0,14.0,58.0,0.0,1.0,1.0,0.0,1.0,1.0,0.0,0.0,0.0,1.0,1.0,2.0,0.0,121.0,117.0,4.0,2018,DEC
2018-12-31,31,32.0,15.0,47.0,33.0,14.0,47.0,0.0,1.0,1.0,0.0,1.0,1.0,0.0,1.0,1.0,1.0,0.0,1.0,0.0,98.0,94.0,3.0,2018,DEC
2019-01-01,1,35.0,0.0,35.0,36.0,0.0,36.0,0.0,0.0,0.0,0.0,0.0,0.0,0.0,0.0,0.0,0.0,0.0,0.0,0.0,71.0,71.0,0.0,2019,JAN
2019-01-02,2,3.0,51.0,54.0,5.0,48.0,53.0,0.0,0.0,0.0,0.0,0.0,0.0,0.0,1.0,1.0,2.0,3.0,5.0,0.0,113.0,107.0,5.0,2019,JAN
2019-01-03,3,0.0,59.0,59.0,0.0,57.0,57.0,0.0,8.0,8.0,0.0,8.0,8.0,1.0,0.0,1.0,3.0,2.0,5.0,14.0,152.0,116.0,21.0,2019,JAN
2019-01-04,4,0.0,53.0,53.0,0.0,52.0,52.0,0.0,1.0,1.0,0.0,1.0,1.0,1.0,1.0,2.0,0.0,1.0,1.0,3.0,113.0,105.0,3.0,2019,JAN
2019-01-05,5,0.0,56.0,56.0,0.0,57.0,57.0,0.0,8.0,8.0,0.0,8.0,8.0,1.0,0.0,1.0,1.0,1.0,2.0,17.0,149.0,113.0,18.0,2019,JAN
2019-01-06,6,0.0,61.0,61.0,0.0,62.0,62.0,0.0,0.0,0.0,0.0,0.0,0.0,0.0,0.0,0.0,0.0,0.0,0.0,0.0,123.0,123.0,0.0,2019,JAN
2019-01-07,7,0.0,54.0,54.0,0.0,52.0,52.0,0.0,5.0,5.0,0.0,5.0,5.0,0.0,2.0,2.0,2.0,2.0,4.0,18.0,140.0,106.0,14.0,2019,JAN
2019-01-08,8,1.0,45.0,46.0,3.0,42.0,45.0,1.0,3.0,4.0,1.0,3.0,4.0,2.0,1.0,3.0,2.0,2.0,4.0,5.0,111.0,91.0,12.0,2019,JAN
2019-01-09,9,0.0,50.0,50.0,2.0,50.0,52.0,0.0,0.0,0.0,2.0,10.0,12.0,4.0,1.0,5.0,4.0,4.0,8.0,21.0,148.0,102.0,20.0,2019,JAN
2019-01-10,10,20.0,35.0,55.0,16.0,35.0,51.0,2.0,5.0,7.0,1.0,6.0,7.0,3.0,3.0,6.0,2.0,2.0,4.0,16.0,146.0,106.0,18.0,2019,JAN
2019-01-11,11,50.0,0.0,50.0,49.0,0.0,49.0,10.0,0.0,10.0,10.0,0.0,10.0,3.0,0.0,3.0,4.0,3.0,7.0,17.0,146.0,99.0,27.0,2019,JAN
2019-01-12,12,0.0,54.0,54.0,0.0,55.0,55.0,13.0,0.0,13.0,13.0,0.0,13.0,2.0,0.0,2.0,1.0,1.0,2.0,20.0,159.0,109.0,28.0,2019,JAN
2019-01-13,13,58.0,1.0,59.0,59.0,0.0,59.0,0.0,0.0,0.0,0.0,0.0,0.0,0.0,0.0,0.0,1.0,1.0,2.0,0.0,120.0,118.0,2.0,2019,JAN
2019-01-14,14,12.0,37.0,49.0,6.0,41.0,47.0,1.0,4.0,5.0,1.0,4.0,5.0,0.0,1.0,1.0,3.0,4.0,7.0,17.0,131.0,96.0,17.0,2019,JAN
2019-01-15,15,0.0,49.0,49.0,0.0,51.0,51.0,0.0,0.0,0.0,0.0,0.0,0.0,1.0,2.0,3.0,1.0,1.0,2.0,0.0,105.0,100.0,2.0,2019,JAN
2019-01-16,16,0.0,48.0,48.0,0.0,47.0,47.0,0.0,2.0,2.0,0.0,2.0,2.0,1.0,1.0,2.0,4.0,4.0,8.0,2.0,111.0,95.0,12.0,2019,JAN
2019-01-17,17,9.0,44.0,53.0,13.0,38.0,51.0,3.0,6.0,9.0,2.0,7.0,9.0,1.0,4.0,5.0,4.0,4.0,8.0,12.0,147.0,104.0,26.0,2019,JAN
2019-01-18,18,0.0,46.0,46.0,0.0,45.0,45.0,0.0,12.0,12.0,0.0,12.0,12.0,2.0,2.0,4.0,3.0,2.0,5.0,24.0,148.0,91.0,29.0,2019,JAN
2019-01-19,19,0.0,47.0,47.0,1.0,48.0,49.0,0.0,15.0,15.0,0.0,15.0,15.0,2.0,1.0,3.0,1.0,2.0,3.0,32.0,164.0,96.0,33.0,2019,JAN
2019-01-20,20,58.0,1.0,59.0,54.0,1.0,55.0,3.0,0.0,3.0,3.0,0.0,3.0,0.0,0.0,0.0,1.0,1.0,2.0,4.0,126.0,114.0,8.0,2019,JAN
2019-01-21,21,48.0,0.0,48.0,48.0,0.0,48.0,6.0,0.0,6.0,6.0,0.0,6.0,3.0,3.0,6.0,7.0,6.0,13.0,5.0,132.0,96.0,25.0,2019,JAN
2019-01-22,22,29.0,14.0,43.0,27.0,15.0,42.0,7.0,2.0,9.0,7.0,2.0,9.0,2.0,2.0,4.0,1.0,1.0,2.0,15.0,124.0,85.0,20.0,2019,JAN
2019-01-23,23,40.0,10.0,50.0,40.0,10.0,50.0,9.0,0.0,9.0,9.0,0.0,9.0,3.0,3.0,6.0,2.0,2.0,4.0,29.0,157.0,100.0,22.0,2019,JAN
2019-01-24,24,17.0,36.0,53.0,15.0,34.0,49.0,3.0,0.0,3.0,3.0,0.0,3.0,3.0,1.0,4.0,2.0,2.0,4.0,4.0,120.0,102.0,10.0,2019,JAN
2019-01-25,25,0.0,50.0,50.0,1.0,53.0,54.0,0.0,12.0,12.0,0.0,12.0,12.0,1.0,1.0,2.0,4.0,4.0,8.0,24.0,162.0,104.0,32.0,2019,JAN
2019-01-26,26,0.0,45.0,45.0,0.0,48.0,48.0,0.0,9.0,9.0,0.0,9.0,9.0,3.0,0.0,3.0,1.0,1.0,2.0,23.0,139.0,93.0,20.0,2019,JAN
2019-01-27,27,0.0,55.0,55.0,0.0,53.0,53.0,0.0,0.0,0.0,0.0,0.0,0.0,0.0,0.0,0.0,0.0,0.0,0.0,0.0,108.0,108.0,0.0,2019,JAN
2019-01-28,28,0.0,47.0,47.0,0.0,44.0,44.0,0.0,9.0,9.0,0.0,9.0,9.0,2.0,1.0,3.0,3.0,3.0,6.0,22.0,140.0,91.0,24.0,2019,JAN
2019-01-29,29,0.0,51.0,51.0,2.0,46.0,48.0,0.0,12.0,12.0,0.0,12.0,12.0,1.0,0.0,1.0,6.0,6.0,12.0,15.0,151.0,99.0,36.0,2019,JAN
2019-01-30,30,0.0,49.0,49.0,0.0,53.0,53.0,0.0,3.0,3.0,0.0,3.0,3.0,4.0,2.0,6.0,2.0,2.0,4.0,5.0,123.0,102.0,10.0,2019,JAN
2019-01-31,31,0.0,50.0,50.0,0.0,47.0,47.0,0.0,9.0,9.0,0.0,9.0,9.0,3.0,1.0,4.0,1.0,1.0,2.0,13.0,134.0,97.0,20.0,2019,JAN
2019-02-01,1,1.0,46.0,47.0,1.0,48.0,49.0,0.0,8.0,8.0,0.0,8.0,8.0,1.0,2.0,3.0,3.0,3.0,6.0,1.0,122.0,96.0,22.0,2019,FEB
2019-02-02,2,11.0,36.0,47.0,10.0,36.0,46.0,9.0,9.0,18.0,9.0,9.0,18.0,2.0,0.0,2.0,3.0,3.0,6.0,25.0,162.0,93.0,42.0,2019,FEB
2019-02-03,3,44.0,12.0,56.0,42.0,13.0,55.0,2.0,0.0,2.0,1.0,1.0,2.0,2.0,0.0,2.0,6.0,6.0,12.0,0.0,129.0,111.0,16.0,2019,FEB
2019-02-04,4,48.0,0.0,48.0,47.0,0.0,47.0,7.0,0.0,7.0,7.0,0.0,7.0,2.0,2.0,4.0,4.0,3.0,7.0,5.0,125.0,95.0,21.0,2019,FEB
2019-02-05,5,47.0,0.0,47.0,45.0,0.0,45.0,10.0,0.0,10.0,10.0,0.0,10.0,1.0,3.0,4.0,2.0,2.0,4.0,0.0,120.0,92.0,24.0,2019,FEB
2019-02-06,6,46.0,0.0,46.0,49.0,0.0,49.0,0.0,0.0,0.0,0.0,0.0,0.0,0.0,0.0,0.0,3.0,2.0,5.0,0.0,100.0,95.0,5.0,2019,FEB
2019-02-07,7,29.0,20.0,49.0,30.0,19.0,49.0,0.0,3.0,3.0,0.0,3.0,3.0,0.0,3.0,3.0,3.0,3.0,6.0,9.0,122.0,98.0,12.0,2019,FEB
2019-02-08,8,25.0,27.0,52.0,22.0,32.0,54.0,1.0,1.0,2.0,1.0,1.0,2.0,1.0,2.0,3.0,2.0,2.0,4.0,4.0,121.0,106.0,8.0,2019,FEB
2019-02-09,9,16.0,35.0,51.0,19.0,34.0,53.0,1.0,9.0,10.0,1.0,9.0,10.0,2.0,0.0,2.0,1.0,1.0,2.0,32.0,160.0,104.0,22.0,2019,FEB
2019-02-10,10,30.0,28.0,58.0,30.0,25.0,55.0,2.0,1.0,3.0,0.0,2.0,2.0,0.0,0.0,0.0,1.0,1.0,2.0,5.0,125.0,113.0,7.0,2019,FEB
2019-02-11,11,13.0,35.0,48.0,9.0,39.0,48.0,1.0,8.0,9.0,1.0,8.0,9.0,0.0,1.0,1.0,3.0,3.0,6.0,0.0,121.0,96.0,24.0,2019,FEB
2019-02-12,12,0.0,46.0,46.0,0.0,48.0,48.0,0.0,8.0,8.0,0.0,8.0,8.0,0.0,3.0,3.0,8.0,8.0,16.0,5.0,134.0,94.0,32.0,2019,FEB
2019-02-13,13,49.0,2.0,51.0,42.0,7.0,49.0,3.0,1.0,4.0,4.0,1.0,5.0,2.0,3.0,5.0,5.0,5.0,10.0,5.0,129.0,100.0,19.0,2019,FEB
2019-02-14,14,4.0,54.0,58.0,4.0,18.0,22.0,0.0,2.0,2.0,0.0,2.0,2.0,0.0,0.0,0.0,2.0,2.0,4.0,6.0,94.0,80.0,8.0,2019,FEB
2019-02-15,15,36.0,20.0,56.0,33.0,20.0,53.0,0.0,0.0,0.0,0.0,0.0,0.0,0.0,0.0,0.0,1.0,1.0,2.0,0.0,111.0,109.0,2.0,2019,FEB
2019-02-16,16,26.0,31.0,57.0,23.0,32.0,55.0,1.0,0.0,1.0,1.0,0.0,1.0,1.0,0.0,1.0,2.0,2.0,4.0,8.0,127.0,112.0,6.0,2019,FEB
2019-02-17,17,1.0,59.0,60.0,0.0,68.0,68.0,0.0,1.0,1.0,0.0,1.0,1.0,1.0,0.0,1.0,2.0,2.0,4.0,1.0,136.0,128.0,6.0,2019,FEB
2019-02-18,18,18.0,35.0,53.0,15.0,35.0,50.0,7.0,3.0,10.0,7.0,3.0,10.0,0.0,3.0,3.0,7.0,7.0,14.0,1.0,141.0,103.0,34.0,2019,FEB
2019-02-19,19,0.0,48.0,48.0,1.0,44.0,45.0,0.0,13.0,13.0,0.0,1.0,1.0,1.0,7.0,8.0,7.0,7.0,14.0,12.0,141.0,93.0,28.0,2019,FEB
2019-02-20,20,0.0,44.0,44.0,0.0,50.0,50.0,0.0,14.0,14.0,0.0,14.0,14.0,0.0,3.0,3.0,3.0,4.0,7.0,28.0,160.0,94.0,35.0,2019,FEB
2019-02-21,21,4.0,49.0,53.0,2.0,52.0,54.0,0.0,0.0,0.0,0.0,0.0,0.0,0.0,1.0,1.0,3.0,3.0,6.0,0.0,114.0,107.0,6.0,2019,FEB
2019-02-22,22,18.0,34.0,52.0,20.0,30.0,50.0,5.0,2.0,7.0,5.0,2.0,7.0,0.0,1.0,1.0,4.0,4.0,8.0,25.0,150.0,102.0,22.0,2019,FEB
2019-02-23,23,0.0,51.0,51.0,0.0,54.0,54.0,0.0,18.0,18.0,0.0,18.0,18.0,0.0,0.0,0.0,1.0,1.0,2.0,25.0,168.0,105.0,38.0,2019,FEB
2019-02-24,24,7.0,50.0,57.0,54.0,3.0,57.0,3.0,0.0,3.0,3.0,0.0,3.0,0.0,0.0,0.0,1.0,1.0,2.0,5.0,127.0,114.0,8.0,2019,FEB
2019-02-25,25,49.0,1.0,50.0,46.0,2.0,48.0,3.0,0.0,3.0,3.0,0.0,3.0,0.0,2.0,2.0,3.0,3.0,6.0,2.0,114.0,98.0,12.0,2019,FEB
2019-02-26,26,4.0,48.0,52.0,6.0,40.0,46.0,0.0,2.0,2.0,0.0,2.0,2.0,1.0,1.0,2.0,2.0,2.0,4.0,4.0,112.0,98.0,8.0,2019,FEB
2019-02-27,27,0.0,53.0,53.0,0.0,60.0,60.0,0.0,7.0,7.0,0.0,7.0,7.0,1.0,1.0,2.0,4.0,4.0,8.0,11.0,148.0,113.0,22.0,2019,FEB
2019-02-28,28,27.0,24.0,51.0,26.0,25.0,51.0,0.0,0.0,0.0,0.0,0.0,0.0,2.0,0.0,2.0,2.0,0.0,2.0,0.0,106.0,102.0,2.0,2019,FEB
2019-03-01,1,0.0,54.0,54.0,0.0,47.0,47.0,0.0,14.0,14.0,0.0,14.0,14.0,1.0,1.0,2.0,2.0,2.0,4.0,21.0,156.0,101.0,32.0,2019,MAR
2019-03-02,2,0.0,63.0,63.0,0.0,64.0,64.0,0.0,18.0,18.0,0.0,18.0,18.0,1.0,0.0,1.0,1.0,1.0,2.0,12.0,178.0,127.0,38.0,2019,MAR
2019-03-03,3,0.0,57.0,57.0,0.0,61.0,61.0,0.0,0.0,0.0,0.0,0.0,0.0,3.0,1.0,4.0,3.0,4.0,7.0,0.0,129.0,118.0,7.0,2019,MAR
2019-03-04,4,0.0,50.0,50.0,0.0,51.0,51.0,0.0,4.0,4.0,0.0,4.0,4.0,2.0,3.0,5.0,3.0,3.0,6.0,5.0,125.0,101.0,14.0,2019,MAR
2019-03-05,5,0.0,49.0,49.0,0.0,47.0,47.0,0.0,17.0,17.0,0.0,17.0,17.0,0.0,0.0,0.0,2.0,2.0,4.0,17.0,151.0,96.0,38.0,2019,MAR
2019-03-06,6,0.0,55.0,55.0,0.0,53.0,53.0,0.0,14.0,14.0,0.0,14.0,14.0,1.0,2.0,3.0,4.0,6.0,10.0,24.0,173.0,108.0,38.0,2019,MAR
2019-03-07,7,0.0,59.0,59.0,0.0,57.0,57.0,0.0,10.0,10.0,0.0,10.0,10.0,0.0,3.0,3.0,2.0,2.0,4.0,12.0,155.0,116.0,24.0,2019,MAR
2019-03-08,8,19.0,31.0,50.0,19.0,33.0,52.0,2.0,8.0,10.0,2.0,8.0,10.0,1.0,3.0,4.0,3.0,3.0,6.0,19.0,151.0,102.0,26.0,2019,MAR
2019-03-09,9,0.0,57.0,57.0,0.0,59.0,59.0,0.0,11.0,11.0,0.0,11.0,11.0,2.0,0.0,2.0,3.0,3.0,6.0,9.0,155.0,116.0,28.0,2019,MAR
2019-03-10,10,0.0,58.0,58.0,0.0,58.0,58.0,0.0,2.0,2.0,0.0,2.0,2.0,0.0,0.0,0.0,2.0,2.0,4.0,0.0,124.0,116.0,8.0,2019,MAR
2019-03-11,11,0.0,53.0,53.0,1.0,49.0,50.0,0.0,2.0,2.0,0.0,2.0,2.0,0.0,1.0,1.0,0.0,0.0,0.0,6.0,114.0,103.0,4.0,2019,MAR
2019-03-12,12,0.0,52.0,52.0,0.0,51.0,51.0,0.0,9.0,9.0,0.0,9.0,9.0,1.0,0.0,1.0,3.0,3.0,6.0,3.0,131.0,103.0,24.0,2019,MAR
2019-03-13,13,14.0,30.0,44.0,14.0,30.0,44.0,4.0,1.0,5.0,4.0,1.0,5.0,2.0,2.0,4.0,3.0,2.0,5.0,10.0,117.0,88.0,15.0,2019,MAR
2019-03-14,14,0.0,50.0,50.0,1.0,45.0,46.0,0.0,12.0,12.0,0.0,12.0,12.0,2.0,2.0,4.0,3.0,3.0,6.0,20.0,150.0,96.0,30.0,2019,MAR
2019-03-15,15,0.0,53.0,53.0,0.0,54.0,54.0,0.0,0.0,0.0,0.0,0.0,0.0,1.0,0.0,1.0,1.0,1.0,2.0,0.0,110.0,107.0,2.0,2019,MAR
2019-03-16,16,10.0,50.0,60.0,8.0,56.0,64.0,2.0,6.0,8.0,1.0,7.0,8.0,2.0,0.0,2.0,2.0,2.0,4.0,13.0,159.0,124.0,20.0,2019,MAR
2019-03-17,17,0.0,61.0,61.0,0.0,60.0,60.0,0.0,10.0,10.0,0.0,10.0,10.0,3.0,1.0,4.0,2.0,2.0,4.0,4.0,153.0,121.0,24.0,2019,MAR
2019-03-18,18,0.0,58.0,58.0,0.0,50.0,50.0,0.0,11.0,11.0,0.0,11.0,11.0,5.0,3.0,8.0,2.0,2.0,4.0,19.0,161.0,108.0,26.0,2019,MAR
2019-03-19,19,16.0,33.0,49.0,9.0,42.0,51.0,2.0,7.0,9.0,2.0,7.0,9.0,1.0,2.0,3.0,2.0,2.0,4.0,11.0,136.0,100.0,22.0,2019,MAR
2019-03-20,20,41.0,18.0,59.0,42.0,18.0,60.0,3.0,0.0,3.0,3.0,0.0,3.0,7.0,1.0,8.0,4.0,4.0,8.0,17.0,158.0,119.0,14.0,2019,MAR
2019-03-21,21,0.0,56.0,56.0,0.0,56.0,56.0,0.0,17.0,17.0,0.0,17.0,17.0,4.0,1.0,5.0,2.0,2.0,4.0,19.0,174.0,112.0,38.0,2019,MAR
2019-03-22,22,20.0,37.0,57.0,20.0,38.0,58.0,2.0,11.0,13.0,2.0,11.0,13.0,1.0,1.0,2.0,3.0,3.0,6.0,24.0,173.0,115.0,32.0,2019,MAR
2019-03-23,23,19.0,40.0,59.0,18.0,42.0,60.0,11.0,7.0,18.0,11.0,7.0,18.0,11.0,2.0,13.0,4.0,4.0,8.0,21.0,197.0,119.0,44.0,2019,MAR
2019-03-24,24,60.0,4.0,64.0,59.0,3.0,62.0,3.0,0.0,3.0,3.0,0.0,3.0,0.0,0.0,0.0,0.0,0.0,0.0,5.0,137.0,126.0,6.0,2019,MAR
2019-03-25,25,19.0,42.0,61.0,17.0,40.0,57.0,0.0,0.0,0.0,0.0,0.0,0.0,5.0,1.0,6.0,1.0,1.0,2.0,0.0,126.0,118.0,2.0,2019,MAR
2019-03-26,26,1.0,54.0,55.0,0.0,53.0,53.0,0.0,10.0,10.0,0.0,10.0,10.0,4.0,6.0,10.0,7.0,7.0,14.0,11.0,163.0,108.0,34.0,2019,MAR
2019-03-27,27,0.0,58.0,58.0,1.0,55.0,56.0,0.0,9.0,9.0,0.0,9.0,9.0,0.0,1.0,1.0,5.0,5.0,10.0,16.0,159.0,114.0,28.0,2019,MAR
2019-03-28,28,0.0,61.0,61.0,0.0,60.0,60.0,0.0,6.0,6.0,0.0,6.0,6.0,3.0,3.0,6.0,2.0,3.0,5.0,6.0,150.0,121.0,17.0,2019,MAR
2019-03-29,29,37.0,18.0,55.0,32.0,22.0,54.0,0.0,0.0,0.0,0.0,0.0,0.0,2.0,0.0,2.0,0.0,0.0,0.0,0.0,111.0,109.0,0.0,2019,MAR
2019-03-30,30,62.0,0.0,62.0,59.0,2.0,61.0,2.0,0.0,2.0,2.0,0.0,2.0,0.0,0.0,0.0,0.0,0.0,0.0,8.0,135.0,123.0,4.0,2019,MAR
2019-03-31,31,34.0,44.0,78.0,31.0,45.0,76.0,0.0,0.0,0.0,0.0,0.0,0.0,1.0,0.0,1.0,0.0,0.0,0.0,0.0,155.0,154.0,0.0,2019,MAR
2019-04-01,1,0.0,67.0,67.0,1.0,66.0,67.0,0.0,1.0,1.0,0.0,1.0,1.0,1.0,3.0,4.0,0.0,0.0,0.0,0.0,140.0,134.0,2.0,2019,APR
2019-04-02,2,0.0,70.0,70.0,0.0,68.0,68.0,0.0,8.0,8.0,0.0,8.0,8.0,0.0,1.0,1.0,1.0,1.0,2.0,30.0,187.0,138.0,18.0,2019,APR
2019-04-03,3,0.0,75.0,75.0,0.0,78.0,78.0,0.0,11.0,11.0,0.0,11.0,11.0,3.0,2.0,5.0,3.0,3.0,6.0,2.0,188.0,153.0,28.0,2019,APR
2019-04-04,4,22.0,43.0,65.0,14.0,53.0,67.0,4.0,1.0,5.0,4.0,1.0,5.0,1.0,2.0,3.0,0.0,0.0,0.0,8.0,153.0,132.0,10.0,2019,APR
2019-04-05,5,15.0,37.0,52.0,19.0,40.0,59.0,5.0,3.0,8.0,5.0,3.0,8.0,4.0,4.0,8.0,5.0,4.0,9.0,11.0,155.0,111.0,25.0,2019,APR
2019-04-06,6,8.0,67.0,75.0,12.0,63.0,75.0,0.0,14.0,14.0,0.0,14.0,14.0,2.0,0.0,2.0,4.0,4.0,8.0,22.0,210.0,150.0,36.0,2019,APR
2019-04-07,7,77.0,1.0,78.0,79.0,4.0,83.0,2.0,0.0,2.0,2.0,0.0,2.0,3.0,0.0,3.0,3.0,3.0,6.0,5.0,179.0,161.0,10.0,2019,APR
2019-04-08,8,47.0,27.0,74.0,38.0,37.0,75.0,11.0,2.0,13.0,11.0,2.0,13.0,6.0,3.0,9.0,5.0,6.0,11.0,13.0,208.0,149.0,37.0,2019,APR
2019-04-09,9,0.0,73.0,73.0,0.0,71.0,71.0,0.0,4.0,4.0,0.0,4.0,4.0,3.0,3.0,6.0,2.0,2.0,4.0,10.0,172.0,144.0,12.0,2019,APR
2019-04-10,10,0.0,79.0,79.0,0.0,80.0,80.0,0.0,6.0,6.0,0.0,6.0,6.0,4.0,1.0,5.0,2.0,2.0,4.0,1.0,181.0,159.0,16.0,2019,APR
2019-04-11,11,0.0,64.0,64.0,2.0,65.0,67.0,0.0,9.0,9.0,0.0,9.0,9.0,4.0,1.0,5.0,2.0,2.0,4.0,32.0,190.0,131.0,22.0,2019,APR
2019-04-12,12,30.0,40.0,70.0,29.0,45.0,74.0,4.0,10.0,14.0,6.0,8.0,14.0,3.0,1.0,4.0,4.0,3.0,7.0,20.0,203.0,144.0,35.0,2019,APR
2019-04-13,13,72.0,5.0,77.0,82.0,0.0,82.0,23.0,0.0,23.0,23.0,0.0,23.0,2.0,0.0,2.0,1.0,1.0,2.0,21.0,230.0,159.0,48.0,2019,APR
2019-04-14,14,10.0,80.0,90.0,10.0,76.0,86.0,0.0,1.0,1.0,0.0,1.0,1.0,0.0,0.0,0.0,1.0,1.0,2.0,3.0,183.0,176.0,4.0,2019,APR
2019-04-15,15,0.0,81.0,81.0,0.0,78.0,78.0,0.0,8.0,8.0,0.0,8.0,8.0,0.0,5.0,5.0,0.0,1.0,1.0,18.0,199.0,159.0,17.0,2019,APR
2019-04-16,16,0.0,69.0,69.0,0.0,73.0,73.0,0.0,3.0,3.0,0.0,3.0,3.0,3.0,1.0,4.0,0.0,0.0,0.0,6.0,158.0,142.0,6.0,2019,APR
2019-04-17,17,0.0,80.0,80.0,1.0,85.0,86.0,0.0,4.0,4.0,0.0,4.0,4.0,3.0,9.0,12.0,1.0,1.0,2.0,0.0,188.0,166.0,10.0,2019,APR
2019-04-18,18,0.0,83.0,83.0,0.0,79.0,79.0,0.0,10.0,10.0,0.0,10.0,10.0,3.0,3.0,6.0,2.0,2.0,4.0,18.0,210.0,162.0,24.0,2019,APR
2019-04-19,19,1.0,84.0,85.0,0.0,87.0,87.0,0.0,6.0,6.0,0.0,6.0,6.0,1.0,4.0,5.0,0.0,0.0,0.0,6.0,195.0,172.0,12.0,2019,APR
2019-04-20,20,16.0,73.0,89.0,15.0,68.0,83.0,0.0,9.0,9.0,0.0,9.0,9.0,3.0,1.0,4.0,1.0,1.0,2.0,26.0,222.0,172.0,20.0,2019,APR
2019-04-21,21,28.0,70.0,98.0,25.0,70.0,95.0,1.0,1.0,2.0,1.0,1.0,2.0,0.0,0.0,0.0,2.0,2.0,4.0,0.0,201.0,193.0,8.0,2019,APR
2019-04-22,22,20.0,63.0,83.0,25.0,67.0,92.0,4.0,12.0,16.0,3.0,13.0,16.0,1.0,0.0,1.0,1.0,1.0,2.0,20.0,230.0,175.0,34.0,2019,APR
2019-04-23,23,9.0,66.0,75.0,9.0,63.0,72.0,0.0,11.0,11.0,0.0,11.0,11.0,3.0,2.0,5.0,0.0,0.0,0.0,10.0,184.0,147.0,22.0,2019,APR
2019-04-24,24,50.0,37.0,87.0,49.0,37.0,86.0,7.0,2.0,9.0,7.0,2.0,9.0,1.0,3.0,4.0,2.0,2.0,4.0,5.0,204.0,173.0,22.0,2019,APR
2019-04-25,25,2.0,69.0,71.0,5.0,69.0,74.0,0.0,7.0,7.0,0.0,7.0,7.0,0.0,2.0,2.0,1.0,1.0,2.0,0.0,163.0,145.0,16.0,2019,APR
2019-04-26,26,0.0,87.0,87.0,0.0,84.0,84.0,0.0,3.0,3.0,0.0,3.0,3.0,0.0,0.0,0.0,0.0,0.0,0.0,0.0,177.0,171.0,6.0,2019,APR
2019-04-27,27,10.0,95.0,105.0,9.0,90.0,99.0,1.0,0.0,1.0,1.0,0.0,1.0,2.0,0.0,2.0,0.0,0.0,0.0,0.0,208.0,204.0,2.0,2019,APR
2019-04-28,28,0.0,97.0,97.0,0.0,100.0,100.0,0.0,0.0,0.0,0.0,0.0,0.0,0.0,0.0,0.0,0.0,0.0,0.0,0.0,197.0,197.0,0.0,2019,APR
2019-04-29,29,0.0,92.0,92.0,1.0,89.0,90.0,0.0,0.0,0.0,0.0,0.0,0.0,2.0,1.0,3.0,0.0,0.0,0.0,0.0,185.0,182.0,0.0,2019,APR
2019-04-30,30,0.0,87.0,87.0,0.0,85.0,85.0,0.0,8.0,8.0,0.0,8.0,8.0,1.0,1.0,2.0,1.0,1.0,2.0,11.0,203.0,172.0,18.0,2019,APR
2019-05-01,1,57.0,45.0,102.0,57.0,47.0,104.0,2.0,0.0,2.0,0.0,2.0,2.0,4.0,5.0,9.0,0.0,0.0,0.0,2.0,221.0,206.0,4.0,2019,MAY
2019-05-02,2,19.0,80.0,99.0,19.0,77.0,96.0,3.0,8.0,11.0,3.0,8.0,11.0,2.0,2.0,4.0,1.0,1.0,2.0,0.0,223.0,195.0,24.0,2019,MAY
2019-05-03,3,8.0,80.0,88.0,12.0,73.0,85.0,0.0,11.0,11.0,0.0,11.0,11.0,2.0,1.0,3.0,2.0,2.0,4.0,5.0,207.0,173.0,26.0,2019,MAY
2019-05-04,4,0.0,103.0,103.0,0.0,98.0,98.0,0.0,14.0,14.0,0.0,14.0,14.0,3.0,1.0,4.0,2.0,2.0,4.0,1.0,238.0,201.0,32.0,2019,MAY
2019-05-05,5,91.0,13.0,104.0,93.0,15.0,108.0,7.0,0.0,7.0,7.0,0.0,7.0,4.0,0.0,4.0,1.0,1.0,2.0,0.0,232.0,212.0,16.0,2019,MAY
2019-05-06,6,46.0,48.0,94.0,47.0,50.0,97.0,4.0,4.0,8.0,4.0,4.0,8.0,2.0,2.0,4.0,0.0,2.0,2.0,13.0,226.0,191.0,18.0,2019,MAY
2019-05-07,7,0.0,85.0,85.0,0.0,83.0,83.0,0.0,7.0,7.0,0.0,7.0,7.0,0.0,1.0,1.0,3.0,3.0,6.0,0.0,189.0,168.0,20.0,2019,MAY
2019-05-08,8,0.0,99.0,99.0,0.0,103.0,103.0,0.0,6.0,6.0,0.0,6.0,6.0,0.0,3.0,3.0,3.0,3.0,6.0,10.0,233.0,202.0,18.0,2019,MAY
2019-05-09,9,0.0,77.0,77.0,0.0,73.0,73.0,0.0,11.0,11.0,0.0,11.0,11.0,2.0,1.0,3.0,2.0,3.0,5.0,25.0,205.0,150.0,27.0,2019,MAY
2019-05-10,10,0.0,97.0,97.0,0.0,95.0,95.0,0.0,10.0,10.0,0.0,10.0,10.0,1.0,1.0,2.0,1.0,1.0,2.0,9.0,225.0,192.0,22.0,2019,MAY
2019-05-11,11,0.0,106.0,106.0,0.0,109.0,109.0,0.0,11.0,11.0,0.0,11.0,11.0,4.0,0.0,4.0,2.0,2.0,4.0,16.0,261.0,215.0,26.0,2019,MAY
2019-05-12,12,10.0,92.0,102.0,11.0,99.0,110.0,0.0,1.0,1.0,0.0,1.0,1.0,1.0,0.0,1.0,1.0,1.0,2.0,0.0,217.0,212.0,4.0,2019,MAY
2019-05-13,13,51.0,45.0,96.0,52.0,42.0,94.0,6.0,1.0,7.0,6.0,1.0,7.0,2.0,3.0,5.0,2.0,2.0,4.0,7.0,220.0,190.0,18.0,2019,MAY
2019-05-14,14,0.0,73.0,73.0,0.0,73.0,73.0,0.0,9.0,9.0,0.0,9.0,9.0,2.0,3.0,5.0,1.0,1.0,2.0,14.0,185.0,146.0,20.0,2019,MAY
2019-05-15,15,0.0,98.0,98.0,0.0,94.0,94.0,0.0,9.0,9.0,0.0,9.0,9.0,3.0,3.0,6.0,0.0,0.0,0.0,9.0,225.0,192.0,18.0,2019,MAY
2019-05-16,16,0.0,83.0,83.0,0.0,84.0,84.0,0.0,13.0,13.0,0.0,13.0,13.0,2.0,0.0,2.0,1.0,1.0,2.0,12.0,209.0,167.0,28.0,2019,MAY
2019-05-17,17,1.0,88.0,89.0,2.0,88.0,90.0,0.0,11.0,11.0,0.0,11.0,11.0,2.0,,2.0,1.0,1.0,2.0,22.0,227.0,179.0,24.0,2019,MAY
2019-05-18,18,0.0,101.0,101.0,0.0,94.0,94.0,0.0,4.0,4.0,0.0,4.0,4.0,2.0,0.0,2.0,1.0,1.0,2.0,4.0,211.0,195.0,10.0,2019,MAY
2019-05-19,19,0.0,99.0,99.0,4.0,99.0,103.0,0.0,2.0,2.0,0.0,2.0,2.0,0.0,0.0,0.0,2.0,2.0,4.0,1.0,211.0,202.0,8.0,2019,MAY
2019-05-20,20,0.0,100.0,100.0,0.0,98.0,98.0,0.0,2.0,2.0,0.0,2.0,2.0,3.0,0.0,3.0,0.0,0.0,0.0,0.0,205.0,198.0,4.0,2019,MAY
2019-05-21,21,5.0,78.0,83.0,4.0,77.0,81.0,0.0,2.0,2.0,0.0,2.0,2.0,2.0,7.0,9.0,0.0,0.0,0.0,14.0,191.0,164.0,4.0,2019,MAY
2019-05-22,22,27.0,68.0,95.0,25.0,69.0,94.0,7.0,2.0,9.0,7.0,2.0,9.0,6.0,0.0,6.0,0.0,0.0,0.0,16.0,229.0,189.0,18.0,2019,MAY
2019-05-23,23,2.0,81.0,83.0,1.0,83.0,84.0,0.0,5.0,5.0,0.0,5.0,5.0,5.0,3.0,8.0,0.0,0.0,0.0,13.0,198.0,167.0,10.0,2019,MAY
2019-05-24,24,0.0,94.0,94.0,0.0,97.0,97.0,0.0,7.0,7.0,0.0,7.0,7.0,3.0,2.0,5.0,0.0,0.0,0.0,4.0,214.0,191.0,14.0,2019,MAY
2019-05-25,25,0.0,99.0,99.0,0.0,94.0,94.0,0.0,9.0,9.0,0.0,9.0,9.0,3.0,0.0,3.0,1.0,1.0,2.0,17.0,233.0,193.0,20.0,2019,MAY
2019-05-26,26,0.0,104.0,104.0,3.0,104.0,107.0,0.0,0.0,0.0,0.0,0.0,0.0,0.0,0.0,0.0,0.0,0.0,0.0,0.0,211.0,211.0,0.0,2019,MAY
2019-05-27,27,0.0,107.0,107.0,0.0,105.0,105.0,0.0,9.0,9.0,0.0,9.0,9.0,0.0,2.0,2.0,1.0,1.0,2.0,11.0,245.0,212.0,20.0,2019,MAY
2019-05-28,28,0.0,85.0,85.0,0.0,84.0,84.0,0.0,4.0,4.0,0.0,4.0,4.0,5.0,2.0,7.0,1.0,1.0,2.0,1.0,187.0,169.0,10.0,2019,MAY
2019-05-29,29,0.0,93.0,93.0,0.0,98.0,98.0,0.0,10.0,10.0,0.0,10.0,10.0,5.0,4.0,9.0,2.0,2.0,4.0,3.0,227.0,191.0,24.0,2019,MAY
2019-05-30,30,0.0,80.0,80.0,0.0,85.0,85.0,0.0,13.0,13.0,0.0,13.0,13.0,3.0,2.0,5.0,1.0,1.0,2.0,15.0,213.0,165.0,28.0,2019,MAY
2019-05-31,31,40.0,57.0,97.0,34.0,65.0,99.0,0.0,16.0,16.0,0.0,16.0,16.0,6.0,0.0,6.0,0.0,1.0,1.0,10.0,245.0,196.0,33.0,2019,MAY
2019-06-01,1,23.0,85.0,108.0,20.0,85.0,105.0,4.0,9.0,13.0,4.0,9.0,13.0,5.0,0.0,5.0,0.0,1.0,1.0,12.0,257.0,213.0,27.0,2019,JUN
2019-06-02,2,4.0,108.0,112.0,6.0,112.0,118.0,0.0,6.0,6.0,0.0,6.0,6.0,3.0,1.0,4.0,3.0,3.0,6.0,0.0,252.0,230.0,18.0,2019,JUN
2019-06-03,3,0.0,107.0,107.0,0.0,104.0,104.0,0.0,10.0,10.0,0.0,10.0,10.0,9.0,0.0,9.0,1.0,1.0,2.0,15.0,257.0,211.0,22.0,2019,JUN
2019-06-04,4,0.0,92.0,92.0,1.0,93.0,94.0,0.0,5.0,5.0,0.0,5.0,5.0,3.0,2.0,5.0,0.0,0.0,0.0,9.0,210.0,186.0,10.0,2019,JUN
2019-06-05,5,0.0,109.0,109.0,0.0,104.0,104.0,0.0,10.0,10.0,0.0,10.0,10.0,7.0,1.0,8.0,2.0,2.0,4.0,0.0,245.0,213.0,24.0,2019,JUN
2019-06-06,6,0.0,101.0,101.0,0.0,97.0,97.0,0.0,8.0,8.0,0.0,8.0,8.0,4.0,5.0,9.0,3.0,3.0,6.0,14.0,243.0,198.0,22.0,2019,JUN
2019-06-07,7,0.0,108.0,108.0,0.0,116.0,116.0,0.0,12.0,12.0,0.0,12.0,12.0,7.0,2.0,9.0,1.0,1.0,2.0,2.0,261.0,224.0,26.0,2019,JUN
2019-06-08,8,0.0,104.0,104.0,0.0,99.0,99.0,0.0,15.0,15.0,0.0,17.0,17.0,0.0,1.0,1.0,0.0,0.0,0.0,10.0,246.0,203.0,32.0,2019,JUN
2019-06-09,9,0.0,118.0,118.0,0.0,126.0,126.0,0.0,4.0,4.0,0.0,4.0,4.0,0.0,0.0,0.0,1.0,1.0,2.0,4.0,258.0,244.0,10.0,2019,JUN
2019-06-10,10,0.0,121.0,121.0,0.0,115.0,115.0,0.0,8.0,8.0,0.0,8.0,8.0,8.0,2.0,10.0,0.0,0.0,0.0,9.0,271.0,236.0,16.0,2019,JUN
2019-06-11,11,0.0,92.0,92.0,0.0,92.0,92.0,0.0,8.0,8.0,0.0,8.0,8.0,0.0,5.0,5.0,3.0,3.0,6.0,7.0,218.0,184.0,22.0,2019,JUN
2019-06-12,12,0.0,106.0,106.0,0.0,104.0,104.0,0.0,2.0,2.0,0.0,2.0,2.0,8.0,4.0,12.0,2.0,2.0,4.0,4.0,234.0,210.0,8.0,2019,JUN
2019-06-13,13,0.0,95.0,95.0,0.0,92.0,92.0,0.0,10.0,10.0,0.0,10.0,10.0,3.0,4.0,7.0,3.0,2.0,5.0,20.0,239.0,187.0,25.0,2019,JUN
2019-06-14,14,0.0,111.0,111.0,0.0,112.0,112.0,0.0,1.0,1.0,0.0,1.0,1.0,4.0,1.0,5.0,4.0,4.0,8.0,0.0,238.0,223.0,10.0,2019,JUN
2019-06-15,15,0.0,110.0,110.0,0.0,108.0,108.0,0.0,6.0,6.0,0.0,6.0,6.0,3.0,0.0,3.0,4.0,4.0,8.0,0.0,241.0,218.0,20.0,2019,JUN
2019-06-16,16,0.0,116.0,116.0,0.0,120.0,120.0,0.0,4.0,4.0,0.0,5.0,5.0,1.0,0.0,1.0,0.0,0.0,0.0,0.0,246.0,236.0,9.0,2019,JUN
2019-06-17,17,0.0,114.0,114.0,0.0,116.0,116.0,0.0,0.0,0.0,0.0,0.0,0.0,3.0,0.0,3.0,1.0,1.0,2.0,0.0,235.0,230.0,2.0,2019,JUN
2019-06-18,18,0.0,99.0,99.0,0.0,91.0,91.0,0.0,4.0,4.0,0.0,4.0,4.0,1.0,1.0,2.0,1.0,1.0,2.0,4.0,206.0,190.0,10.0,2019,JUN
2019-06-19,19,0.0,114.0,114.0,0.0,131.0,131.0,0.0,6.0,6.0,0.0,6.0,6.0,0.0,0.0,0.0,0.0,0.0,0.0,3.0,260.0,245.0,12.0,2019,JUN
2019-06-20,20,0.0,99.0,99.0,0.0,101.0,101.0,0.0,4.0,4.0,0.0,4.0,4.0,2.0,2.0,4.0,3.0,1.0,4.0,5.0,221.0,200.0,12.0,2019,JUN
2019-06-21,21,0.0,110.0,110.0,1.0,112.0,113.0,0.0,7.0,7.0,0.0,7.0,7.0,3.0,0.0,3.0,1.0,1.0,2.0,1.0,243.0,223.0,16.0,2019,JUN
2019-06-22,22,0.0,111.0,111.0,0.0,107.0,107.0,0.0,12.0,12.0,0.0,12.0,12.0,5.0,0.0,5.0,1.0,1.0,2.0,6.0,255.0,218.0,26.0,2019,JUN
2019-06-23,23,0.0,121.0,121.0,0.0,123.0,123.0,0.0,3.0,3.0,0.0,3.0,3.0,2.0,0.0,2.0,1.0,1.0,2.0,5.0,259.0,244.0,8.0,2019,JUN
2019-06-24,24,0.0,113.0,113.0,0.0,115.0,115.0,0.0,8.0,8.0,0.0,8.0,8.0,2.0,3.0,5.0,2.0,2.0,4.0,6.0,259.0,228.0,20.0,2019,JUN
2019-06-25,25,0.0,116.0,116.0,0.0,115.0,115.0,0.0,9.0,9.0,0.0,9.0,9.0,3.0,0.0,3.0,0.0,0.0,0.0,8.0,260.0,231.0,18.0,2019,JUN
2019-06-26,26,0.0,109.0,109.0,0.0,114.0,114.0,0.0,9.0,9.0,0.0,9.0,9.0,6.0,2.0,8.0,1.0,1.0,2.0,7.0,258.0,223.0,20.0,2019,JUN
2019-06-27,27,0.0,97.0,97.0,0.0,95.0,95.0,0.0,9.0,9.0,0.0,9.0,9.0,3.0,2.0,5.0,1.0,1.0,2.0,19.0,236.0,192.0,20.0,2019,JUN
2019-06-28,28,0.0,106.0,106.0,0.0,106.0,106.0,0.0,7.0,7.0,0.0,7.0,7.0,5.0,1.0,6.0,2.0,2.0,4.0,6.0,242.0,212.0,18.0,2019,JUN
2019-06-29,29,11.0,101.0,112.0,11.0,94.0,105.0,4.0,10.0,14.0,5.0,9.0,14.0,6.0,1.0,7.0,0.0,0.0,0.0,18.0,270.0,217.0,28.0,2019,JUN
2019-06-30,30,52.0,68.0,120.0,57.0,68.0,125.0,4.0,3.0,7.0,4.0,3.0,7.0,5.0,1.0,6.0,3.0,2.0,5.0,0.0,270.0,245.0,19.0,2019,JUN
2019-07-01,1,74.0,49.0,123.0,63.0,57.0,120.0,6.0,5.0,11.0,6.0,5.0,11.0,7.0,5.0,12.0,4.0,4.0,8.0,0.0,285.0,243.0,30.0,2019,JUL
2019-07-02,2,0.0,96.0,96.0,0.0,94.0,94.0,0.0,7.0,7.0,0.0,7.0,7.0,5.0,5.0,10.0,6.0,6.0,12.0,12.0,238.0,190.0,26.0,2019,JUL
2019-07-03,3,9.0,101.0,110.0,14.0,101.0,115.0,0.0,7.0,7.0,0.0,7.0,7.0,14.0,3.0,17.0,1.0,1.0,2.0,0.0,258.0,225.0,16.0,2019,JUL
2019-07-04,4,4.0,100.0,104.0,3.0,99.0,102.0,3.0,3.0,6.0,3.0,3.0,6.0,13.0,4.0,17.0,2.0,1.0,3.0,8.0,246.0,206.0,15.0,2019,JUL
2019-07-05,5,0.0,118.0,118.0,0.0,114.0,114.0,0.0,10.0,10.0,0.0,10.0,10.0,3.0,1.0,4.0,2.0,2.0,4.0,18.0,278.0,232.0,24.0,2019,JUL
2019-07-06,6,0.0,111.0,111.0,0.0,106.0,106.0,0.0,0.0,0.0,0.0,10.0,10.0,6.0,0.0,6.0,0.0,0.0,0.0,11.0,244.0,217.0,10.0,2019,JUL
2019-07-07,7,0.0,122.0,122.0,0.0,124.0,124.0,0.0,3.0,3.0,0.0,3.0,3.0,2.0,1.0,3.0,1.0,1.0,2.0,8.0,265.0,246.0,8.0,2019,JUL
2019-07-08,8,0.0,118.0,118.0,0.0,114.0,114.0,0.0,8.0,8.0,0.0,8.0,8.0,3.0,0.0,3.0,1.0,1.0,2.0,5.0,258.0,232.0,18.0,2019,JUL
2019-07-09,9,0.0,95.0,95.0,0.0,93.0,93.0,0.0,6.0,6.0,0.0,6.0,6.0,3.0,2.0,5.0,0.0,0.0,0.0,1.0,206.0,188.0,12.0,2019,JUL
2019-07-10,10,0.0,110.0,110.0,0.0,117.0,117.0,0.0,2.0,2.0,0.0,2.0,2.0,3.0,0.0,3.0,0.0,0.0,0.0,0.0,234.0,227.0,4.0,2019,JUL
2019-07-11,11,0.0,104.0,104.0,0.0,97.0,97.0,0.0,7.0,7.0,0.0,7.0,7.0,3.0,4.0,7.0,0.0,2.0,2.0,6.0,230.0,201.0,16.0,2019,JUL
2019-07-12,12,0.0,112.0,112.0,0.0,114.0,114.0,0.0,10.0,10.0,0.0,10.0,10.0,7.0,0.0,7.0,2.0,1.0,3.0,0.0,256.0,226.0,23.0,2019,JUL
2019-07-13,13,0.0,112.0,112.0,0.0,111.0,111.0,0.0,7.0,7.0,0.0,7.0,7.0,5.0,0.0,5.0,1.0,0.0,1.0,0.0,243.0,223.0,15.0,2019,JUL
2019-07-14,14,0.0,124.0,124.0,0.0,127.0,127.0,0.0,2.0,2.0,0.0,2.0,2.0,3.0,0.0,3.0,0.0,2.0,2.0,0.0,260.0,251.0,6.0,2019,JUL
2019-07-15,15,0.0,117.0,117.0,0.0,117.0,117.0,0.0,1.0,1.0,0.0,1.0,1.0,3.0,2.0,5.0,2.0,2.0,4.0,3.0,248.0,234.0,6.0,2019,JUL
2019-07-16,16,0.0,95.0,95.0,0.0,98.0,98.0,0.0,9.0,9.0,0.0,9.0,9.0,4.0,4.0,8.0,2.0,4.0,6.0,20.0,245.0,193.0,24.0,2019,JUL
2019-07-17,17,0.0,112.0,112.0,0.0,117.0,117.0,0.0,5.0,5.0,0.0,5.0,5.0,6.0,5.0,11.0,1.0,1.0,2.0,4.0,256.0,229.0,12.0,2019,JUL
2019-07-18,18,0.0,105.0,105.0,0.0,101.0,101.0,0.0,8.0,8.0,0.0,8.0,8.0,3.0,4.0,7.0,4.0,4.0,8.0,5.0,242.0,206.0,24.0,2019,JUL
2019-07-19,19,0.0,114.0,114.0,0.0,115.0,115.0,0.0,10.0,10.0,0.0,10.0,10.0,3.0,1.0,4.0,1.0,1.0,2.0,8.0,263.0,229.0,22.0,2019,JUL
2019-07-20,20,0.0,115.0,115.0,0.0,110.0,110.0,0.0,12.0,12.0,0.0,12.0,12.0,7.0,1.0,8.0,0.0,0.0,0.0,10.0,267.0,225.0,24.0,2019,JUL
2019-07-21,21,0.0,123.0,123.0,0.0,125.0,125.0,0.0,8.0,8.0,0.0,8.0,8.0,3.0,0.0,3.0,0.0,0.0,0.0,0.0,267.0,248.0,16.0,2019,JUL
2019-07-22,22,0.0,122.0,122.0,0.0,119.0,119.0,0.0,10.0,10.0,0.0,10.0,10.0,8.0,2.0,10.0,0.0,0.0,0.0,7.0,278.0,241.0,20.0,2019,JUL
2019-07-23,23,1.0,96.0,97.0,0.0,94.0,94.0,0.0,15.0,15.0,0.0,15.0,15.0,3.0,3.0,6.0,2.0,2.0,4.0,19.0,250.0,191.0,34.0,2019,JUL
2019-07-24,24,0.0,111.0,111.0,0.0,118.0,118.0,0.0,7.0,7.0,0.0,7.0,7.0,2.0,3.0,5.0,1.0,1.0,2.0,12.0,262.0,229.0,16.0,2019,JUL
2019-07-25,25,0.0,102.0,102.0,0.0,98.0,98.0,0.0,15.0,15.0,0.0,13.0,13.0,2.0,1.0,3.0,3.0,3.0,6.0,13.0,250.0,200.0,34.0,2019,JUL
2019-07-26,26,0.0,111.0,111.0,0.0,116.0,116.0,0.0,8.0,8.0,0.0,8.0,8.0,3.0,1.0,4.0,2.0,2.0,4.0,4.0,255.0,227.0,20.0,2019,JUL
2019-07-27,27,0.0,106.0,106.0,0.0,103.0,103.0,0.0,10.0,10.0,0.0,10.0,10.0,4.0,0.0,4.0,2.0,2.0,4.0,6.0,243.0,209.0,24.0,2019,JUL
2019-07-28,28,0.0,124.0,124.0,0.0,122.0,122.0,0.0,2.0,2.0,0.0,2.0,2.0,0.0,0.0,0.0,4.0,4.0,8.0,0.0,258.0,246.0,12.0,2019,JUL
2019-07-29,29,0.0,124.0,124.0,0.0,126.0,126.0,0.0,11.0,11.0,0.0,11.0,11.0,2.0,1.0,3.0,3.0,3.0,6.0,14.0,295.0,250.0,28.0,2019,JUL
2019-07-30,30,0.0,105.0,105.0,0.0,102.0,102.0,0.0,13.0,13.0,0.0,13.0,13.0,2.0,3.0,5.0,1.0,1.0,2.0,25.0,265.0,207.0,28.0,2019,JUL
2019-07-31,31,0.0,109.0,109.0,0.0,125.0,125.0,0.0,13.0,13.0,0.0,13.0,13.0,5.0,2.0,7.0,1.0,1.0,2.0,8.0,277.0,234.0,28.0,2019,JUL
2019-08-01,1,0.0,108.0,108.0,0.0,102.0,102.0,0.0,13.0,13.0,0.0,13.0,13.0,1.0,1.0,2.0,0.0,0.0,0.0,22.0,260.0,210.0,26.0,2019,AUG
2019-08-02,2,0.0,110.0,110.0,0.0,119.0,119.0,0.0,9.0,9.0,0.0,9.0,9.0,2.0,3.0,5.0,1.0,1.0,2.0,5.0,259.0,229.0,20.0,2019,AUG
2019-08-03,3,2.0,108.0,110.0,0.0,107.0,107.0,0.0,7.0,7.0,0.0,7.0,7.0,4.0,0.0,4.0,0.0,0.0,0.0,4.0,239.0,217.0,14.0,2019,AUG
2019-08-04,4,0.0,127.0,127.0,0.0,130.0,130.0,0.0,0.0,0.0,0.0,0.0,0.0,1.0,1.0,2.0,0.0,0.0,0.0,0.0,259.0,257.0,0.0,2019,AUG
2019-08-05,5,0.0,124.0,124.0,0.0,122.0,122.0,0.0,5.0,5.0,0.0,5.0,5.0,3.0,1.0,4.0,2.0,2.0,4.0,0.0,264.0,246.0,14.0,2019,AUG
2019-08-06,6,0.0,94.0,94.0,0.0,92.0,92.0,0.0,7.0,7.0,0.0,7.0,7.0,1.0,0.0,1.0,1.0,1.0,2.0,17.0,220.0,186.0,16.0,2019,AUG
2019-08-07,7,0.0,119.0,119.0,0.0,116.0,116.0,0.0,7.0,7.0,0.0,7.0,7.0,1.0,1.0,2.0,3.0,2.0,5.0,15.0,271.0,235.0,19.0,2019,AUG
2019-08-08,8,0.0,106.0,106.0,0.0,101.0,101.0,0.0,11.0,11.0,0.0,11.0,11.0,0.0,2.0,2.0,2.0,2.0,4.0,8.0,243.0,207.0,26.0,2019,AUG
2019-08-09,9,0.0,114.0,114.0,0.0,119.0,119.0,0.0,4.0,4.0,0.0,4.0,4.0,2.0,2.0,4.0,1.0,2.0,3.0,2.0,250.0,233.0,11.0,2019,AUG
2019-08-10,10,0.0,116.0,116.0,0.0,115.0,115.0,0.0,11.0,11.0,0.0,11.0,11.0,3.0,0.0,3.0,1.0,1.0,2.0,10.0,268.0,231.0,24.0,2019,AUG
2019-08-11,11,0.0,126.0,126.0,0.0,126.0,126.0,0.0,2.0,2.0,0.0,2.0,2.0,0.0,0.0,0.0,0.0,0.0,0.0,0.0,256.0,252.0,4.0,2019,AUG
2019-08-12,12,0.0,121.0,121.0,0.0,122.0,122.0,0.0,11.0,11.0,0.0,11.0,11.0,3.0,0.0,3.0,1.0,1.0,2.0,7.0,277.0,243.0,24.0,2019,AUG
2019-08-13,13,0.0,99.0,99.0,0.0,100.0,100.0,0.0,14.0,14.0,0.0,14.0,14.0,2.0,1.0,3.0,1.0,1.0,2.0,18.0,250.0,199.0,30.0,2019,AUG
2019-08-14,14,0.0,118.0,118.0,0.0,120.0,120.0,0.0,12.0,12.0,0.0,12.0,12.0,2.0,2.0,4.0,1.0,0.0,1.0,0.0,267.0,238.0,25.0,2019,AUG
2019-08-15,15,0.0,106.0,106.0,0.0,104.0,104.0,0.0,2.0,2.0,0.0,2.0,2.0,1.0,1.0,2.0,0.0,0.0,0.0,0.0,216.0,210.0,4.0,2019,AUG
2019-08-16,16,0.0,116.0,116.0,0.0,118.0,118.0,0.0,8.0,8.0,0.0,8.0,8.0,5.0,3.0,8.0,1.0,1.0,2.0,15.0,275.0,234.0,18.0,2019,AUG
2019-08-17,17,0.0,111.0,111.0,0.0,108.0,108.0,0.0,9.0,9.0,0.0,9.0,9.0,4.0,0.0,4.0,0.0,0.0,0.0,12.0,253.0,219.0,18.0,2019,AUG
2019-08-18,18,0.0,126.0,126.0,0.0,127.0,127.0,0.0,4.0,4.0,0.0,4.0,4.0,0.0,0.0,0.0,2.0,2.0,4.0,0.0,265.0,253.0,12.0,2019,AUG
2019-08-19,19,0.0,140.0,140.0,0.0,140.0,140.0,0.0,7.0,7.0,0.0,7.0,7.0,3.0,3.0,6.0,1.0,1.0,2.0,6.0,308.0,280.0,16.0,2019,AUG
2019-08-20,20,0.0,97.0,97.0,0.0,96.0,96.0,0.0,11.0,11.0,0.0,11.0,11.0,1.0,3.0,4.0,0.0,0.0,0.0,19.0,238.0,193.0,22.0,2019,AUG
2019-08-21,21,0.0,113.0,113.0,0.0,113.0,113.0,0.0,7.0,7.0,0.0,7.0,7.0,3.0,2.0,5.0,2.0,2.0,4.0,15.0,264.0,226.0,18.0,2019,AUG
2019-08-22,22,0.0,101.0,101.0,0.0,100.0,100.0,0.0,12.0,12.0,0.0,12.0,12.0,1.0,2.0,3.0,1.0,3.0,4.0,18.0,250.0,201.0,28.0,2019,AUG
2019-08-23,23,0.0,117.0,117.0,0.0,120.0,120.0,0.0,13.0,13.0,0.0,13.0,13.0,3.0,1.0,4.0,2.0,2.0,4.0,16.0,287.0,237.0,30.0,2019,AUG
2019-08-24,24,0.0,115.0,115.0,0.0,107.0,107.0,0.0,10.0,10.0,0.0,10.0,10.0,0.0,0.0,0.0,1.0,1.0,2.0,0.0,244.0,222.0,22.0,2019,AUG
2019-08-25,25,0.0,122.0,122.0,0.0,124.0,124.0,0.0,2.0,2.0,0.0,2.0,2.0,0.0,0.0,0.0,1.0,1.0,2.0,0.0,252.0,246.0,6.0,2019,AUG
2019-08-26,26,0.0,123.0,123.0,0.0,125.0,125.0,0.0,8.0,8.0,0.0,8.0,8.0,4.0,0.0,4.0,1.0,1.0,2.0,4.0,274.0,248.0,18.0,2019,AUG
2019-08-27,27,0.0,96.0,96.0,0.0,99.0,99.0,0.0,12.0,12.0,0.0,12.0,12.0,2.0,2.0,4.0,1.0,1.0,2.0,18.0,243.0,195.0,26.0,2019,AUG
2019-08-28,28,0.0,119.0,119.0,0.0,122.0,122.0,0.0,10.0,10.0,0.0,10.0,10.0,3.0,2.0,5.0,1.0,2.0,3.0,16.0,285.0,241.0,23.0,2019,AUG
2019-08-29,29,0.0,107.0,107.0,0.0,106.0,106.0,0.0,11.0,11.0,0.0,11.0,11.0,2.0,1.0,3.0,2.0,2.0,4.0,7.0,249.0,213.0,26.0,2019,AUG
2019-08-30,30,0.0,111.0,111.0,0.0,115.0,115.0,0.0,18.0,18.0,0.0,18.0,18.0,5.0,1.0,6.0,1.0,1.0,2.0,18.0,288.0,226.0,38.0,2019,AUG
2019-08-31,31,13.0,100.0,113.0,10.0,99.0,109.0,0.0,6.0,6.0,0.0,6.0,6.0,4.0,0.0,4.0,1.0,1.0,2.0,1.0,241.0,222.0,14.0,2019,AUG
2019-09-01,1,0.0,124.0,124.0,0.0,123.0,123.0,0.0,2.0,2.0,0.0,2.0,2.0,0.0,0.0,0.0,1.0,1.0,2.0,0.0,253.0,247.0,6.0,2019,SEP
2019-09-02,2,0.0,115.0,115.0,0.0,120.0,120.0,0.0,14.0,14.0,0.0,14.0,14.0,3.0,2.0,5.0,2.0,2.0,4.0,0.0,272.0,235.0,32.0,2019,SEP
2019-09-03,3,0.0,93.0,93.0,0.0,90.0,90.0,0.0,10.0,10.0,0.0,10.0,10.0,1.0,5.0,6.0,2.0,2.0,4.0,24.0,237.0,183.0,24.0,2019,SEP
2019-09-04,4,0.0,111.0,111.0,0.0,110.0,110.0,0.0,9.0,9.0,0.0,9.0,9.0,3.0,6.0,9.0,2.0,2.0,4.0,5.0,257.0,221.0,22.0,2019,SEP
2019-09-05,5,2.0,103.0,105.0,0.0,100.0,100.0,0.0,10.0,10.0,0.0,10.0,10.0,4.0,3.0,7.0,2.0,2.0,4.0,17.0,253.0,205.0,24.0,2019,SEP
2019-09-06,6,0.0,108.0,108.0,0.0,116.0,116.0,0.0,8.0,8.0,0.0,8.0,8.0,5.0,1.0,6.0,3.0,3.0,6.0,10.0,262.0,224.0,22.0,2019,SEP
2019-09-07,7,0.0,113.0,113.0,0.0,107.0,107.0,0.0,6.0,6.0,0.0,6.0,6.0,2.0,0.0,2.0,0.0,0.0,0.0,0.0,234.0,220.0,12.0,2019,SEP
2019-09-08,8,0.0,129.0,129.0,0.0,130.0,130.0,0.0,1.0,1.0,0.0,1.0,1.0,5.0,0.0,5.0,0.0,0.0,0.0,0.0,266.0,259.0,2.0,2019,SEP
2019-09-09,9,0.0,114.0,114.0,0.0,114.0,114.0,0.0,5.0,5.0,0.0,5.0,5.0,2.0,1.0,3.0,1.0,1.0,2.0,10.0,253.0,228.0,12.0,2019,SEP
2019-09-10,10,0.0,95.0,95.0,0.0,91.0,91.0,0.0,7.0,7.0,0.0,7.0,7.0,6.0,3.0,9.0,2.0,2.0,4.0,16.0,229.0,186.0,18.0,2019,SEP
2019-09-11,11,0.0,108.0,108.0,0.0,111.0,111.0,0.0,7.0,7.0,0.0,7.0,7.0,9.0,2.0,11.0,3.0,3.0,6.0,19.0,269.0,219.0,20.0,2019,SEP
2019-09-12,12,0.0,100.0,100.0,0.0,103.0,103.0,0.0,12.0,12.0,0.0,12.0,12.0,1.0,4.0,5.0,3.0,3.0,6.0,8.0,246.0,203.0,30.0,2019,SEP
2019-09-13,13,0.0,108.0,108.0,0.0,111.0,111.0,0.0,9.0,9.0,0.0,9.0,9.0,7.0,2.0,9.0,3.0,3.0,6.0,0.0,252.0,219.0,24.0,2019,SEP
2019-09-14,14,0.0,111.0,111.0,0.0,103.0,103.0,0.0,13.0,13.0,0.0,13.0,13.0,7.0,0.0,7.0,1.0,1.0,2.0,14.0,263.0,214.0,28.0,2019,SEP
2019-09-15,15,0.0,125.0,125.0,2.0,126.0,128.0,0.0,3.0,3.0,0.0,3.0,3.0,2.0,0.0,2.0,1.0,1.0,2.0,0.0,263.0,253.0,8.0,2019,SEP
2019-09-16,16,0.0,124.0,124.0,0.0,117.0,117.0,0.0,5.0,5.0,0.0,5.0,5.0,2.0,1.0,3.0,1.0,1.0,2.0,5.0,261.0,241.0,12.0,2019,SEP
2019-09-17,17,0.0,100.0,100.0,0.0,99.0,99.0,0.0,15.0,15.0,0.0,15.0,15.0,4.0,1.0,5.0,2.0,2.0,4.0,14.0,252.0,199.0,34.0,2019,SEP
2019-09-18,18,0.0,113.0,113.0,0.0,118.0,118.0,0.0,7.0,7.0,0.0,7.0,7.0,3.0,3.0,6.0,1.0,1.0,2.0,24.0,277.0,231.0,16.0,2019,SEP
2019-09-19,19,0.0,102.0,102.0,0.0,107.0,107.0,0.0,7.0,7.0,0.0,7.0,7.0,3.0,5.0,8.0,2.0,2.0,4.0,1.0,236.0,209.0,18.0,2019,SEP
2019-09-20,20,0.0,114.0,114.0,0.0,108.0,108.0,0.0,8.0,8.0,0.0,8.0,8.0,3.0,2.0,5.0,0.0,0.0,0.0,4.0,247.0,222.0,16.0,2019,SEP
2019-09-21,21,10.0,100.0,110.0,11.0,100.0,111.0,0.0,14.0,14.0,0.0,14.0,14.0,2.0,0.0,2.0,1.0,1.0,2.0,0.0,253.0,221.0,30.0,2019,SEP
2019-09-22,22,60.0,61.0,121.0,60.0,63.0,123.0,2.0,0.0,2.0,1.0,1.0,2.0,0.0,0.0,0.0,0.0,0.0,0.0,2.0,250.0,244.0,4.0,2019,SEP
2019-09-23,23,0.0,107.0,107.0,1.0,112.0,113.0,0.0,8.0,8.0,0.0,8.0,8.0,2.0,1.0,3.0,2.0,1.0,3.0,1.0,243.0,220.0,19.0,2019,SEP
2019-09-24,24,5.0,102.0,107.0,11.0,100.0,111.0,0.0,13.0,13.0,0.0,13.0,13.0,2.0,3.0,5.0,2.0,2.0,4.0,17.0,270.0,218.0,30.0,2019,SEP
2019-09-25,25,0.0,105.0,105.0,0.0,106.0,106.0,0.0,7.0,7.0,0.0,7.0,7.0,4.0,1.0,5.0,1.0,1.0,2.0,11.0,243.0,211.0,16.0,2019,SEP
2019-09-26,26,0.0,6.0,6.0,0.0,94.0,94.0,0.0,4.0,4.0,0.0,4.0,4.0,6.0,0.0,6.0,3.0,3.0,6.0,5.0,125.0,100.0,14.0,2019,SEP
2019-09-27,27,0.0,116.0,116.0,0.0,113.0,113.0,0.0,7.0,7.0,0.0,7.0,7.0,3.0,1.0,4.0,2.0,1.0,3.0,12.0,262.0,229.0,17.0,2019,SEP
2019-09-28,28,0.0,106.0,106.0,0.0,111.0,111.0,0.0,10.0,10.0,0.0,10.0,10.0,4.0,2.0,6.0,0.0,0.0,0.0,13.0,256.0,217.0,20.0,2019,SEP
2019-09-29,29,0.0,111.0,111.0,0.0,116.0,116.0,0.0,3.0,3.0,0.0,3.0,3.0,3.0,0.0,3.0,0.0,0.0,0.0,0.0,236.0,227.0,6.0,2019,SEP
2019-09-30,30,0.0,113.0,113.0,0.0,114.0,114.0,0.0,9.0,9.0,0.0,9.0,9.0,5.0,2.0,7.0,1.0,1.0,2.0,7.0,261.0,227.0,20.0,2019,SEP
2019-10-01,1,0.0,108.0,108.0,0.0,102.0,102.0,0.0,1.0,1.0,0.0,1.0,1.0,1.0,5.0,6.0,1.0,1.0,2.0,1.0,221.0,210.0,4.0,2019,OCT
2019-10-02,2,0.0,110.0,110.0,0.0,104.0,104.0,0.0,5.0,5.0,0.0,5.0,5.0,5.0,2.0,7.0,0.0,0.0,0.0,3.0,234.0,214.0,10.0,2019,OCT
2019-10-03,3,0.0,95.0,95.0,0.0,92.0,92.0,0.0,12.0,12.0,0.0,12.0,12.0,1.0,3.0,4.0,0.0,0.0,0.0,19.0,234.0,187.0,24.0,2019,OCT
2019-10-04,4,1.0,106.0,107.0,1.0,105.0,106.0,0.0,6.0,6.0,0.0,6.0,6.0,5.0,3.0,8.0,1.0,1.0,2.0,13.0,248.0,213.0,14.0,2019,OCT
2019-10-05,5,0.0,110.0,110.0,0.0,109.0,109.0,0.0,16.0,16.0,0.0,16.0,16.0,6.0,0.0,6.0,1.0,1.0,2.0,19.0,278.0,219.0,34.0,2019,OCT
2019-10-06,6,0.0,113.0,113.0,0.0,115.0,115.0,0.0,6.0,6.0,0.0,6.0,6.0,1.0,1.0,2.0,2.0,3.0,5.0,3.0,250.0,228.0,17.0,2019,OCT
2019-10-07,7,0.0,108.0,108.0,0.0,106.0,106.0,0.0,8.0,8.0,0.0,8.0,8.0,3.0,4.0,7.0,0.0,0.0,0.0,14.0,251.0,214.0,16.0,2019,OCT
2019-10-08,8,32.0,60.0,92.0,28.0,58.0,86.0,1.0,12.0,13.0,1.0,12.0,13.0,4.0,2.0,6.0,1.0,1.0,2.0,15.0,227.0,178.0,28.0,2019,OCT
2019-10-09,9,0.0,90.0,90.0,0.0,97.0,97.0,0.0,10.0,10.0,0.0,10.0,10.0,0.0,1.0,1.0,2.0,2.0,4.0,3.0,215.0,187.0,24.0,2019,OCT
2019-10-10,10,0.0,97.0,97.0,0.0,92.0,92.0,0.0,12.0,12.0,0.0,12.0,12.0,4.0,3.0,7.0,1.0,1.0,2.0,17.0,239.0,189.0,26.0,2019,OCT
2019-10-11,11,0.0,106.0,106.0,0.0,107.0,107.0,0.0,9.0,9.0,0.0,9.0,9.0,4.0,0.0,4.0,0.0,0.0,0.0,17.0,252.0,213.0,18.0,2019,OCT
2019-10-12,12,44.0,76.0,120.0,43.0,71.0,114.0,4.0,11.0,15.0,4.0,11.0,15.0,6.0,0.0,6.0,0.0,0.0,0.0,23.0,293.0,234.0,30.0,2019,OCT
2019-10-13,13,100.0,17.0,117.0,111.0,9.0,120.0,0.0,2.0,2.0,0.0,2.0,2.0,2.0,0.0,2.0,0.0,0.0,0.0,0.0,243.0,237.0,4.0,2019,OCT
2019-10-14,14,93.0,13.0,106.0,94.0,13.0,107.0,0.0,8.0,8.0,8.0,0.0,8.0,7.0,2.0,9.0,2.0,2.0,4.0,14.0,256.0,213.0,20.0,2019,OCT
2019-10-15,15,30.0,58.0,88.0,96.0,56.0,152.0,4.0,0.0,4.0,4.0,0.0,4.0,3.0,2.0,5.0,2.0,1.0,3.0,0.0,256.0,240.0,11.0,2019,OCT
2019-10-16,16,101.0,3.0,104.0,104.0,3.0,107.0,12.0,0.0,12.0,12.0,0.0,12.0,1.0,7.0,8.0,1.0,1.0,2.0,6.0,251.0,211.0,26.0,2019,OCT
2019-10-17,17,68.0,35.0,103.0,62.0,29.0,91.0,4.0,3.0,7.0,4.0,3.0,7.0,6.0,7.0,13.0,3.0,3.0,6.0,11.0,238.0,194.0,20.0,2019,OCT
2019-10-18,18,18.0,83.0,101.0,16.0,77.0,93.0,0.0,5.0,5.0,0.0,5.0,5.0,8.0,2.0,10.0,4.0,4.0,8.0,4.0,226.0,194.0,18.0,2019,OCT
2019-10-19,19,0.0,118.0,118.0,0.0,117.0,117.0,0.0,18.0,18.0,0.0,18.0,18.0,8.0,1.0,9.0,1.0,1.0,2.0,16.0,298.0,235.0,38.0,2019,OCT
2019-10-20,20,49.0,69.0,118.0,51.0,71.0,122.0,0.0,1.0,1.0,0.0,1.0,1.0,1.0,0.0,1.0,0.0,0.0,0.0,0.0,243.0,240.0,2.0,2019,OCT
2019-10-21,21,31.0,79.0,110.0,28.0,80.0,108.0,4.0,9.0,13.0,5.0,8.0,13.0,0.0,3.0,3.0,0.0,0.0,0.0,25.0,272.0,218.0,26.0,2019,OCT
2019-10-22,22,85.0,9.0,94.0,78.0,14.0,92.0,7.0,2.0,9.0,4.0,5.0,9.0,3.0,1.0,4.0,0.0,0.0,0.0,15.0,223.0,186.0,18.0,2019,OCT
2019-10-23,23,61.0,38.0,99.0,56.0,45.0,101.0,2.0,0.0,2.0,2.0,0.0,2.0,2.0,6.0,8.0,2.0,2.0,4.0,8.0,224.0,200.0,8.0,2019,OCT
2019-10-24,24,37.0,50.0,87.0,32.0,53.0,85.0,2.0,2.0,4.0,2.0,2.0,4.0,1.0,1.0,2.0,2.0,2.0,4.0,15.0,201.0,172.0,12.0,2019,OCT
2019-10-25,25,71.0,18.0,89.0,15.0,76.0,91.0,7.0,0.0,7.0,7.0,0.0,7.0,0.0,2.0,2.0,0.0,0.0,0.0,9.0,205.0,180.0,14.0,2019,OCT
2019-10-26,26,40.0,74.0,114.0,39.0,74.0,113.0,9.0,0.0,9.0,9.0,0.0,9.0,1.0,2.0,3.0,2.0,2.0,4.0,6.0,258.0,227.0,22.0,2019,OCT
2019-10-27,27,70.0,26.0,96.0,77.0,26.0,103.0,0.0,2.0,2.0,0.0,2.0,2.0,5.0,0.0,5.0,0.0,0.0,0.0,0.0,208.0,199.0,4.0,2019,OCT
2019-10-28,28,85.0,0.0,85.0,80.0,0.0,80.0,0.0,0.0,0.0,0.0,0.0,0.0,0.0,1.0,1.0,0.0,0.0,0.0,0.0,166.0,165.0,0.0,2019,OCT
2019-10-29,29,0.0,70.0,70.0,0.0,72.0,72.0,0.0,11.0,11.0,0.0,11.0,11.0,0.0,7.0,7.0,1.0,1.0,2.0,14.0,187.0,142.0,24.0,2019,OCT
2019-10-30,30,0.0,82.0,82.0,0.0,83.0,83.0,0.0,14.0,14.0,0.0,14.0,14.0,3.0,0.0,3.0,2.0,2.0,4.0,22.0,222.0,165.0,32.0,2019,OCT
2019-10-31,31,0.0,81.0,81.0,0.0,81.0,81.0,0.0,19.0,19.0,0.0,19.0,19.0,1.0,3.0,4.0,0.0,0.0,0.0,24.0,228.0,162.0,38.0,2019,OCT
2019-11-01,1,0.0,74.0,74.0,0.0,70.0,70.0,0.0,11.0,11.0,0.0,11.0,11.0,4.0,1.0,5.0,0.0,1.0,1.0,9.0,181.0,144.0,23.0,2019,NOV
2019-11-02,2,80.0,9.0,89.0,81.0,11.0,92.0,3.0,0.0,3.0,3.0,0.0,3.0,2.0,1.0,3.0,2.0,1.0,3.0,4.0,197.0,181.0,9.0,2019,NOV
2019-11-03,3,81.0,0.0,81.0,85.0,0.0,85.0,2.0,0.0,2.0,2.0,0.0,2.0,3.0,1.0,4.0,0.0,0.0,0.0,2.0,176.0,166.0,4.0,2019,NOV
2019-11-04,4,76.0,0.0,76.0,79.0,0.0,79.0,12.0,0.0,12.0,12.0,0.0,12.0,2.0,0.0,2.0,0.0,0.0,0.0,8.0,189.0,155.0,24.0,2019,NOV
2019-11-05,5,71.0,0.0,71.0,69.0,0.0,69.0,7.0,0.0,7.0,7.0,0.0,7.0,6.0,2.0,8.0,2.0,2.0,4.0,7.0,173.0,140.0,18.0,2019,NOV
2019-11-06,6,72.0,0.0,72.0,70.0,0.0,70.0,7.0,0.0,7.0,7.0,0.0,7.0,4.0,2.0,6.0,2.0,2.0,4.0,22.0,188.0,142.0,18.0,2019,NOV
2019-11-07,7,71.0,0.0,71.0,75.0,0.0,75.0,11.0,0.0,11.0,11.0,0.0,11.0,5.0,1.0,6.0,1.0,1.0,2.0,15.0,191.0,146.0,24.0,2019,NOV
2019-11-08,8,60.0,6.0,66.0,58.0,4.0,62.0,10.0,0.0,10.0,11.0,0.0,11.0,3.0,3.0,6.0,3.0,3.0,6.0,22.0,183.0,128.0,27.0,2019,NOV
2019-11-09,9,71.0,0.0,71.0,70.0,0.0,70.0,16.0,0.0,16.0,16.0,0.0,16.0,2.0,0.0,2.0,0.0,0.0,0.0,15.0,190.0,141.0,32.0,2019,NOV
2019-11-10,10,67.0,1.0,68.0,68.0,1.0,69.0,0.0,0.0,0.0,0.0,0.0,0.0,0.0,0.0,0.0,1.0,1.0,2.0,0.0,139.0,137.0,2.0,2019,NOV
2019-11-11,11,58.0,0.0,58.0,60.0,0.0,60.0,10.0,0.0,10.0,10.0,0.0,10.0,3.0,2.0,5.0,1.0,1.0,2.0,9.0,154.0,118.0,22.0,2019,NOV
2019-11-12,12,61.0,0.0,61.0,56.0,0.0,56.0,7.0,0.0,7.0,8.0,0.0,8.0,4.0,1.0,5.0,0.0,0.0,0.0,7.0,144.0,117.0,15.0,2019,NOV
2019-11-13,13,60.0,0.0,60.0,63.0,0.0,63.0,9.0,0.0,9.0,9.0,0.0,9.0,3.0,3.0,6.0,5.0,5.0,10.0,21.0,178.0,123.0,28.0,2019,NOV
2019-11-14,14,60.0,0.0,60.0,66.0,0.0,66.0,8.0,0.0,8.0,8.0,0.0,8.0,2.0,2.0,4.0,3.0,3.0,6.0,11.0,163.0,126.0,22.0,2019,NOV
2019-11-15,15,44.0,17.0,61.0,41.0,10.0,51.0,4.0,1.0,5.0,4.0,1.0,5.0,3.0,2.0,5.0,0.0,0.0,0.0,14.0,141.0,112.0,10.0,2019,NOV
2019-11-16,16,65.0,0.0,65.0,70.0,0.0,70.0,7.0,0.0,7.0,7.0,0.0,7.0,3.0,1.0,4.0,0.0,0.0,0.0,5.0,158.0,135.0,14.0,2019,NOV
2019-11-17,17,68.0,0.0,68.0,64.0,0.0,64.0,0.0,0.0,0.0,0.0,0.0,0.0,0.0,0.0,0.0,1.0,1.0,2.0,0.0,134.0,132.0,2.0,2019,NOV
2019-11-18,18,56.0,0.0,56.0,59.0,0.0,59.0,12.0,0.0,12.0,12.0,0.0,12.0,4.0,2.0,6.0,1.0,1.0,2.0,0.0,147.0,115.0,26.0,2019,NOV
2019-11-19,19,61.0,0.0,61.0,58.0,0.0,58.0,12.0,0.0,12.0,12.0,0.0,12.0,5.0,6.0,11.0,0.0,0.0,0.0,28.0,182.0,119.0,24.0,2019,NOV
2019-11-20,20,13.0,40.0,53.0,14.0,42.0,56.0,4.0,4.0,8.0,4.0,4.0,8.0,1.0,3.0,4.0,3.0,2.0,5.0,16.0,150.0,109.0,21.0,2019,NOV
2019-11-21,21,0.0,68.0,68.0,0.0,70.0,70.0,0.0,16.0,16.0,0.0,15.0,15.0,1.0,2.0,3.0,1.0,1.0,2.0,21.0,195.0,138.0,33.0,2019,NOV
2019-11-22,22,0.0,61.0,61.0,0.0,54.0,54.0,0.0,9.0,9.0,0.0,9.0,9.0,9.0,1.0,10.0,3.0,3.0,6.0,13.0,162.0,115.0,24.0,2019,NOV
2019-11-23,23,0.0,60.0,60.0,0.0,63.0,63.0,0.0,19.0,19.0,0.0,19.0,19.0,2.0,0.0,2.0,0.0,0.0,0.0,17.0,180.0,123.0,38.0,2019,NOV
2019-11-24,24,65.0,0.0,65.0,67.0,7.0,74.0,1.0,0.0,1.0,1.0,0.0,1.0,1.0,0.0,1.0,3.0,3.0,6.0,0.0,148.0,139.0,8.0,2019,NOV
2019-11-25,25,61.0,0.0,61.0,59.0,0.0,59.0,9.0,0.0,9.0,9.0,0.0,9.0,2.0,2.0,4.0,1.0,1.0,2.0,16.0,160.0,120.0,20.0,2019,NOV
2019-11-26,26,6.0,50.0,56.0,10.0,50.0,60.0,2.0,5.0,7.0,2.0,5.0,7.0,8.0,5.0,13.0,0.0,0.0,0.0,17.0,160.0,116.0,14.0,2019,NOV
2019-11-27,27,0.0,54.0,54.0,0.0,54.0,54.0,0.0,0.0,0.0,0.0,0.0,0.0,3.0,4.0,7.0,0.0,0.0,0.0,0.0,115.0,108.0,0.0,2019,NOV
2019-11-28,28,0.0,57.0,57.0,2.0,59.0,61.0,0.0,9.0,9.0,0.0,9.0,9.0,5.0,5.0,10.0,2.0,1.0,3.0,28.0,177.0,118.0,21.0,2019,NOV
2019-11-29,29,0.0,58.0,58.0,0.0,5.0,5.0,0.0,14.0,14.0,0.0,4.0,4.0,2.0,3.0,5.0,2.0,2.0,4.0,18.0,108.0,63.0,22.0,2019,NOV
2019-11-30,30,0.0,55.0,55.0,1.0,54.0,55.0,0.0,14.0,14.0,0.0,15.0,15.0,3.0,0.0,3.0,0.0,0.0,0.0,30.0,172.0,110.0,29.0,2019,NOV
2019-12-01,1,0.0,55.0,55.0,2.0,53.0,55.0,0.0,1.0,1.0,0.0,1.0,1.0,0.0,0.0,0.0,1.0,1.0,2.0,0.0,114.0,110.0,4.0,2019,DEC
2019-12-02,2,61.0,0.0,61.0,64.0,0.0,64.0,10.0,0.0,10.0,10.0,0.0,10.0,6.0,6.0,12.0,1.0,1.0,2.0,0.0,159.0,125.0,22.0,2019,DEC
2019-12-03,3,20.0,32.0,52.0,17.0,35.0,52.0,1.0,7.0,8.0,1.0,7.0,8.0,1.0,2.0,3.0,0.0,1.0,1.0,17.0,141.0,104.0,17.0,2019,DEC
2019-12-04,4,4.0,51.0,55.0,5.0,47.0,52.0,6.0,6.0,12.0,6.0,6.0,12.0,4.0,4.0,8.0,2.0,2.0,4.0,15.0,158.0,107.0,28.0,2019,DEC
2019-12-05,5,53.0,0.0,53.0,55.0,0.0,55.0,4.0,0.0,4.0,4.0,0.0,4.0,2.0,4.0,6.0,0.0,0.0,0.0,12.0,134.0,108.0,8.0,2019,DEC
2019-12-06,6,52.0,8.0,60.0,50.0,9.0,59.0,9.0,5.0,14.0,9.0,4.0,13.0,4.0,1.0,5.0,1.0,1.0,2.0,8.0,161.0,119.0,29.0,2019,DEC
2019-12-07,7,14.0,41.0,55.0,11.0,39.0,50.0,13.0,1.0,14.0,13.0,1.0,14.0,5.0,0.0,5.0,0.0,0.0,0.0,12.0,150.0,105.0,28.0,2019,DEC
2019-12-08,8,69.0,0.0,69.0,60.0,0.0,60.0,2.0,0.0,2.0,2.0,0.0,2.0,2.0,1.0,3.0,3.0,1.0,4.0,0.0,140.0,129.0,8.0,2019,DEC
2019-12-09,9,51.0,0.0,51.0,55.0,0.0,55.0,5.0,0.0,5.0,5.0,0.0,5.0,3.0,1.0,4.0,0.0,0.0,0.0,8.0,128.0,106.0,10.0,2019,DEC
2019-12-10,10,51.0,0.0,51.0,47.0,0.0,47.0,12.0,0.0,12.0,12.0,0.0,12.0,2.0,3.0,5.0,1.0,0.0,1.0,29.0,157.0,98.0,25.0,2019,DEC
2019-12-11,11,47.0,0.0,47.0,49.0,0.0,49.0,0.0,0.0,0.0,0.0,0.0,0.0,1.0,2.0,3.0,0.0,0.0,0.0,0.0,99.0,96.0,0.0,2019,DEC
2019-12-12,12,37.0,20.0,57.0,49.0,10.0,59.0,0.0,0.0,0.0,0.0,0.0,0.0,1.0,1.0,2.0,0.0,0.0,0.0,0.0,118.0,116.0,0.0,2019,DEC
2019-12-13,13,59.0,0.0,59.0,55.0,0.0,55.0,0.0,0.0,0.0,0.0,0.0,0.0,1.0,1.0,2.0,0.0,0.0,0.0,0.0,116.0,114.0,0.0,2019,DEC
2019-12-14,14,11.0,50.0,61.0,11.0,54.0,65.0,0.0,4.0,4.0,0.0,4.0,4.0,0.0,0.0,0.0,1.0,1.0,2.0,12.0,148.0,126.0,10.0,2019,DEC
2019-12-15,15,52.0,8.0,60.0,51.0,9.0,60.0,1.0,0.0,1.0,0.0,0.0,0.0,0.0,0.0,0.0,0.0,0.0,0.0,3.0,124.0,120.0,1.0,2019,DEC
2019-12-16,16,60.0,0.0,60.0,60.0,0.0,60.0,8.0,0.0,8.0,1.0,0.0,1.0,2.0,2.0,4.0,1.0,1.0,2.0,11.0,146.0,120.0,11.0,2019,DEC
2019-12-17,17,40.0,17.0,57.0,40.0,14.0,54.0,0.0,10.0,10.0,8.0,10.0,18.0,2.0,2.0,4.0,2.0,1.0,3.0,14.0,160.0,111.0,31.0,2019,DEC
2019-12-18,18,0.0,57.0,57.0,0.0,59.0,59.0,0.0,9.0,9.0,0.0,9.0,9.0,3.0,2.0,5.0,3.0,3.0,6.0,8.0,153.0,116.0,24.0,2019,DEC
2019-12-19,19,0.0,63.0,63.0,0.0,61.0,61.0,0.0,21.0,21.0,0.0,21.0,21.0,0.0,3.0,3.0,3.0,3.0,6.0,29.0,204.0,124.0,48.0,2019,DEC
2019-12-20,20,58.0,7.0,65.0,7.0,60.0,67.0,2.0,6.0,8.0,0.0,6.0,6.0,2.0,0.0,2.0,2.0,2.0,4.0,17.0,169.0,132.0,18.0,2019,DEC
2019-12-21,21,0.0,61.0,61.0,0.0,63.0,63.0,0.0,8.0,8.0,2.0,9.0,11.0,1.0,0.0,1.0,2.0,2.0,4.0,15.0,163.0,124.0,23.0,2019,DEC
2019-12-22,22,0.0,65.0,65.0,0.0,63.0,63.0,0.0,0.0,0.0,0.0,0.0,0.0,0.0,0.0,0.0,3.0,3.0,6.0,0.0,134.0,128.0,6.0,2019,DEC
2019-12-23,23,0.0,59.0,59.0,0.0,37.0,37.0,0.0,5.0,5.0,0.0,5.0,5.0,2.0,3.0,5.0,2.0,2.0,4.0,17.0,132.0,96.0,14.0,2019,DEC
2019-12-24,24,0.0,53.0,53.0,0.0,51.0,51.0,0.0,0.0,0.0,0.0,0.0,0.0,0.0,2.0,2.0,0.0,0.0,0.0,0.0,106.0,104.0,0.0,2019,DEC
2019-12-25,25,0.0,38.0,38.0,0.0,39.0,39.0,0.0,0.0,0.0,0.0,0.0,0.0,0.0,0.0,0.0,0.0,0.0,0.0,0.0,77.0,77.0,0.0,2019,DEC
2019-12-26,26,0.0,50.0,50.0,0.0,51.0,51.0,1.0,0.0,1.0,0.0,0.0,0.0,0.0,0.0,0.0,0.0,0.0,0.0,0.0,102.0,101.0,1.0,2019,DEC
2019-12-27,27,7.0,58.0,65.0,12.0,50.0,62.0,2.0,9.0,11.0,0.0,11.0,11.0,3.0,1.0,4.0,1.0,1.0,2.0,8.0,163.0,127.0,24.0,2019,DEC
2019-12-28,28,0.0,66.0,66.0,0.0,62.0,62.0,0.0,8.0,8.0,0.0,8.0,8.0,0.0,0.0,0.0,3.0,3.0,6.0,18.0,168.0,128.0,22.0,2019,DEC
2019-12-29,29,0.0,58.0,58.0,0.0,68.0,68.0,0.0,0.0,0.0,0.0,0.0,0.0,0.0,0.0,0.0,3.0,3.0,6.0,0.0,132.0,126.0,6.0,2019,DEC
2019-12-30,30,0.0,59.0,59.0,0.0,60.0,60.0,0.0,0.0,0.0,0.0,0.0,0.0,0.0,0.0,0.0,0.0,0.0,0.0,0.0,119.0,119.0,0.0,2019,DEC
2019-12-31,31,0.0,48.0,48.0,0.0,47.0,47.0,0.0,12.0,12.0,0.0,12.0,12.0,0.0,1.0,1.0,0.0,0.0,0.0,24.0,144.0,95.0,24.0,2019,DEC
